assists,gamesPlayed,gamesStarted,goalieFullName,goals,goalsAgainst,goalsAgainstAverage,lastName,losses,otLosses,penaltyMinutes,playerId,points,savePct,saves,seasonId,shootsCatches,shotsAgainst,shutouts,teamAbbrevs,timeOnIce,wins,season,completeGamePct,completeGames,goalsFor,goalsForAverage,incompleteGames,qualityStart,qualityStartsPct,regulationLosses,regulationWins,shotsAgainstPer60,season_year,name_key,heightInInches,weightInPounds,birthCity,birthCountry,draftYear,draftRound,draftOverall,player_name_cw,team_cw,position_cw,cap_hit
0,2,1,Jack LaFontaine,0,9,7.2048,LaFontaine,1,0,0,8479581,0,0.78048,32,20212022,L,41,0,CAR,4497,0,20212022,1.0,1,4,3.20213,0,0,0.0,1,0,32.821898,2022,jack lafontaine,74,204,Mississauga,CAN,2016.0,3.0,14.0,,,,
0,1,0,Michael McNiven,0,3,9.0,McNiven,0,0,0,8478933,0,0.57142,4,20212022,L,7,0,MTL,1200,0,20212022,,0,1,3.0,0,0,,0,0,21.000021,2022,michael mcniven,73,199,Winnipeg,CAN,,,,,,,
0,2,1,Michael Hutchinson,0,6,4.57336,Hutchinson,1,0,0,8474636,0,0.85714,36,20212022,R,42,0,TOR,4723,0,20212022,1.0,1,3,2.28668,0,0,0.0,1,0,32.013561,2022,michael hutchinson,75,201,Barrie,CAN,2008.0,3.0,16.0,Michael Hutchinson,CBJ,G,750000.0
0,1,1,Adam Huska,0,7,7.03517,Huska,1,0,0,8478903,0,0.82051,32,20212022,L,39,0,NYR,3582,0,20212022,1.0,1,3,3.01507,0,0,0.0,1,0,39.195979,2022,adam huska,76,214,Zvolen,SVK,2015.0,7.0,3.0,,,,
0,1,1,Michael DiPietro,0,3,3.13862,DiPietro,1,0,0,8480022,0,0.82352,14,20212022,L,17,0,VAN,3441,0,20212022,1.0,1,1,1.0462,0,0,0.0,1,0,17.785533,2022,michael dipietro,73,205,Windsor,CAN,2017.0,3.0,2.0,,,,
0,2,1,Pheonix Copley,0,5,3.10612,Copley,1,0,0,8477831,0,0.87804,36,20212022,L,41,0,WSH,5795,0,20212022,0.0,0,6,3.72735,1,0,0.0,1,0,25.470236,2022,pheonix copley,76,205,North Pole,USA,,,,Pheonix Copley,LAK,G,825000.0
0,1,0,Thomas Hodges,0,1,3.11418,Hodges,1,0,0,8480591,0,0.66666,2,20212022,L,3,0,ANA,1156,0,20212022,,0,0,0.0,0,0,,1,0,9.342563,2022,thomas hodges,70,170,Slough,GBR,,,,,,,
0,6,4,Akira Schmid,0,19,4.83084,Schmid,4,0,0,8481033,0,0.83333,95,20212022,L,114,0,NJD,14159,0,20212022,0.75,3,9,2.28829,1,0,0.0,4,0,28.985101,2022,akira schmid,77,190,Bern,CHE,2018.0,5.0,12.0,Akira Schmid,NJD,G,850833.0
0,4,3,Daniil Tarasov,0,7,2.40205,Tarasov,2,0,0,8480193,0,0.93693,104,20212022,L,111,0,CBJ,10491,0,20212022,0.666666,2,9,3.08836,1,3,1.0,2,0,38.089799,2022,daniil tarasov,77,203,Novokuznetsk,RUS,2017.0,3.0,24.0,,,,
0,1,0,Hugo Alnefelt,0,3,9.0,Alnefelt,0,0,0,8481597,0,0.7,7,20212022,L,10,0,TBL,1200,0,20212022,,0,1,3.0,0,0,,0,0,30.00003,2022,hugo alnefelt,75,189,Danderyd,SWE,2019.0,3.0,9.0,,,,
0,3,3,Ivan Prosvetov,0,13,4.21621,Prosvetov,2,1,0,8481031,0,0.875,91,20212022,L,104,0,ARI,11100,0,20212022,1.0,3,5,1.62162,0,1,0.333333,2,0,33.729733,2022,ivan prosvetov,77,195,Moscow,RUS,2018.0,4.0,21.0,,,,
0,5,5,Felix Sandstrom,0,16,3.2296,Sandstrom,4,1,0,8478433,0,0.9096,161,20212022,L,177,0,PHI,17835,0,20212022,1.0,5,6,1.2111,0,3,0.6,5,0,35.727506,2022,felix sandstrom,74,211,Gavle,SWE,2015.0,3.0,9.0,Felix Sandstrom,PHI,G,775000.0
0,3,3,Carter Hutton,0,15,7.76085,Hutton,2,0,0,8475622,0,0.74137,43,20212022,L,58,0,ARI,6958,0,20212022,0.333333,1,5,2.58695,2,1,0.333333,2,0,30.008635,2022,carter hutton,72,211,Thunder Bay,CAN,,,,,,,
0,5,4,Joey Daccord,0,21,4.29716,Daccord,4,0,0,8478916,0,0.85,119,20212022,L,140,0,SEA,17593,0,20212022,1.0,4,7,1.43238,0,1,0.25,4,0,28.64776,2022,joey daccord,74,201,Boston,USA,2015.0,7.0,18.0,,,,
0,1,1,Alex Stalock,0,6,7.80628,Stalock,1,0,0,8471774,0,0.78571,22,20212022,L,28,0,SJS,2767,0,20212022,0.0,0,0,0.0,1,0,0.0,1,0,36.429351,2022,alex stalock,71,170,Saint Paul,USA,2005.0,4.0,21.0,Alex Stalock,CHI,G,750000.0
0,4,3,Malcolm Subban,0,17,4.84637,Subban,2,1,0,8476876,0,0.87121,115,20212022,L,132,0,BUF,12628,0,20212022,0.666666,2,6,1.71048,1,1,0.333333,3,0,37.63067,2022,malcolm subban,74,215,Toronto,CAN,2012.0,1.0,24.0,,,,
0,3,2,Arvid Soderblom,0,13,5.00588,Soderblom,2,0,0,8482821,0,0.86315,82,20212022,L,95,0,CHI,9349,0,20212022,1.0,2,6,2.3104,0,1,0.5,2,0,36.581458,2022,arvid soderblom,75,180,Göteborg,SWE,,,,,,,
0,2,0,Josef Korenar,0,3,2.56045,Korenar,0,0,0,8480373,0,0.91428,32,20212022,L,35,0,ARI,4218,0,20212022,,0,0,0.0,0,0,,0,0,29.871994,2022,josef korenar,73,185,Pelhrimov,CZE,,,,,,,
0,8,6,Collin Delia,0,22,3.84727,Delia,4,1,0,8480420,0,0.89908,196,20212022,L,218,0,CHI,20586,1,20212022,0.666666,4,9,1.57388,2,3,0.5,5,0,38.122998,2022,collin delia,74,208,Rancho Cucamonga,USA,,,,Collin Delia,VAN,G,750000.0
0,7,3,Zachary Sawchenko,0,15,3.34613,Sawchenko,2,1,0,8479313,0,0.90066,136,20212022,L,151,0,SJS,16138,1,20212022,1.0,3,13,2.89998,0,2,0.666666,3,1,33.684477,2022,zachary sawchenko,73,187,Calgary,CAN,,,,,,,
0,3,1,Calvin Pickard,0,9,4.29822,Pickard,1,0,0,8475717,0,0.875,63,20212022,L,72,0,DET,7538,1,20212022,1.0,1,9,4.29822,0,1,1.0,1,0,34.385793,2022,calvin pickard,73,206,Moncton,CAN,2010.0,2.0,19.0,,,,
0,2,2,Maxime Lagace,0,10,6.11413,Lagace,1,0,0,8476509,0,0.82758,48,20212022,L,58,0,TBL,5888,1,20212022,0.5,1,6,3.66847,1,0,0.0,1,1,35.461968,2022,maxime lagace,74,190,Saint-Augustin,CAN,,,,,,,
0,2,2,Louis Domingue,0,4,2.02105,Domingue,1,0,0,8475839,0,0.9518,79,20212022,R,83,0,PIT,7125,1,20212022,1.0,2,2,1.01052,0,2,1.0,1,1,41.936856,2022,louis domingue,75,207,St-Hyacinthe,CAN,2010.0,5.0,18.0,Louis Domingue,NYR,G,775000.0
0,4,3,Zach Fucale,0,5,1.74842,Fucale,1,1,0,8477457,0,0.92424,61,20212022,L,66,1,WSH,10295,1,20212022,0.666666,2,6,2.0981,1,2,0.666666,1,1,23.079166,2022,zach fucale,74,189,Laval,CAN,2013.0,2.0,6.0,,,,
0,1,1,Magnus Hellberg,0,3,3.0,Hellberg,0,0,0,8476433,0,0.86956,20,20212022,L,23,0,DET,3600,1,20212022,1.0,1,5,5.0,0,0,0.0,0,1,23.0,2022,magnus hellberg,78,206,Uppsala,SWE,2011.0,2.0,8.0,Magnus Hellberg,DET,G,750000.0
0,4,3,Lukas Dostal,0,10,2.9784,Dostal,2,0,0,8480843,0,0.9074,98,20212022,L,108,0,ANA,12087,1,20212022,1.0,3,6,1.78704,0,2,0.666666,2,0,32.16679,2022,lukas dostal,74,190,Brno,CZE,2018.0,3.0,23.0,Lukas Dostal,ANA,G,822500.0
1,2,2,Joel Hofer,0,6,3.07298,Hofer,1,0,0,8480981,1,0.88,44,20212022,L,50,0,STL,7029,1,20212022,1.0,2,7,3.58514,0,0,0.0,1,1,25.608194,2022,joel hofer,77,193,Winnipeg,CAN,2018.0,4.0,14.0,,,,
1,2,1,Justus Annunen,0,7,4.34033,Annunen,0,1,0,8481020,1,0.86274,44,20212022,L,51,0,COL,5806,1,20212022,1.0,1,8,4.96038,0,0,0.0,1,1,31.622474,2022,justus annunen,76,210,Kempele,FIN,2018.0,3.0,2.0,,,,
0,3,3,Connor Ingram,0,11,3.71308,Ingram,2,0,0,8478971,0,0.87912,80,20212022,L,91,0,NSH,10665,1,20212022,1.0,3,11,3.71308,0,1,0.333333,2,1,30.717299,2022,connor ingram,73,218,Saskatoon,CAN,2016.0,3.0,27.0,Connor Ingram,ARI,G,733333.0
0,5,5,Carey Price,0,18,3.63025,Price,4,0,0,8471679,0,0.87837,130,20212022,L,148,0,MTL,17850,1,20212022,1.0,5,16,3.22689,0,2,0.4,4,1,29.848741,2022,carey price,75,217,Anahim Lake,CAN,2005.0,1.0,5.0,Carey Price,MTL,G,10500000.0
0,2,1,Garret Sparks,0,3,1.85153,Sparks,0,0,0,8476343,0,0.93617,44,20212022,L,47,0,LAK,5833,1,20212022,1.0,1,5,3.08589,0,1,1.0,0,1,29.007385,2022,garret sparks,75,220,Elmhurst,USA,2011.0,7.0,9.0,,,,
0,1,1,Keith Kinkaid,0,2,2.0,Kinkaid,0,0,0,8476234,0,0.93548,29,20212022,L,31,0,NYR,3600,1,20212022,1.0,1,3,3.0,0,1,1.0,0,1,31.0,2022,keith kinkaid,74,195,Farmingville,USA,,,,,,,
0,12,9,Cayden Primeau,0,40,4.62234,Primeau,7,1,0,8480051,0,0.86754,262,20212022,L,302,0,MTL,31153,1,20212022,0.444444,4,15,1.73338,5,3,0.333333,8,0,34.898726,2022,cayden primeau,75,205,Farmington Hills,USA,2017.0,7.0,13.0,,,,
0,12,9,Aaron Dell,0,38,4.03266,Dell,8,1,2,8477180,0,0.89265,316,20212022,L,354,0,BUF,33923,1,20212022,0.888888,8,25,2.65306,1,2,0.222222,9,1,37.567434,2022,aaron dell,72,213,Airdrie,CAN,,,,,,,
0,2,2,Alex Lyon,0,6,2.93119,Lyon,0,1,0,8479312,0,0.90769,59,20212022,L,65,0,CAR,7369,1,20212022,1.0,2,6,2.93119,0,1,0.5,1,1,31.754654,2022,alex lyon,73,199,Baudette,USA,,,,Alex Lyon,FLA,G,750000.0
0,1,1,Cory Schneider,0,3,3.0,Schneider,0,0,0,8471239,0,0.9,27,20212022,L,30,0,NYI,3600,1,20212022,1.0,1,4,4.0,0,0,0.0,0,1,30.0,2022,cory schneider,75,214,Marblehead,USA,2004.0,1.0,26.0,,,,
0,2,2,Mads Sogaard,0,6,3.06905,Sogaard,1,0,0,8481544,0,0.88888,48,20212022,L,54,0,OTT,7038,1,20212022,1.0,2,8,4.09207,0,1,0.5,1,1,27.621483,2022,mads sogaard,79,231,Aalborg,DNK,2019.0,2.0,6.0,,,,
0,4,4,Tuukka Rask,0,14,4.27807,Rask,2,0,2,8471695,0,0.84444,76,20212022,L,90,0,BOS,11781,2,20212022,0.75,3,10,3.05576,1,2,0.5,2,2,27.501909,2022,tuukka rask,75,176,Savonlinna,FIN,2005.0,1.0,21.0,,,,
0,9,9,Ukko-Pekka Luukkonen,0,23,2.74317,Luukkonen,5,2,0,8480045,0,0.91696,254,20212022,L,277,0,BUF,30184,2,20212022,0.888888,8,16,1.90829,1,7,0.777777,6,1,33.037372,2022,ukkopekka luukkonen,77,223,Espoo,FIN,2017.0,2.0,23.0,Ukko-Pekka Luukkonen,BUF,G,837500.0
0,6,4,Harri Sateri,0,21,4.22299,Sateri,2,1,0,8474667,0,0.86624,136,20212022,L,157,0,ARI,17902,2,20212022,0.75,3,15,3.01642,1,0,0.0,3,2,31.571896,2022,harri sateri,73,205,Toijala,FIN,2008.0,4.0,15.0,,,,
0,2,2,Michael Houser,0,4,2.0,Houser,0,0,0,8475920,0,0.94805,73,20212022,L,77,0,BUF,7200,2,20212022,1.0,2,9,4.5,0,2,1.0,0,2,38.5,2022,michael houser,73,185,Youngstown,USA,,,,,,,
0,3,2,Pyotr Kochetkov,0,6,2.42261,Kochetkov,0,0,0,8481611,0,0.90163,55,20212022,L,61,0,CAR,8916,3,20212022,1.0,2,9,3.63391,0,1,0.5,0,3,24.629885,2022,pyotr kochetkov,75,196,Penza,RUS,2019.0,2.0,5.0,,,,
0,6,6,Spencer Martin,0,11,1.74441,Martin,0,3,0,8477484,0,0.94954,207,20212022,L,218,0,VAN,22701,3,20212022,1.0,6,18,2.85449,0,6,1.0,1,3,34.571166,2022,spencer martin,75,191,Oakville,CAN,2013.0,3.0,2.0,,,,
0,11,8,Jonas Johansson,0,38,4.68637,Johansson,4,1,0,8477992,0,0.85606,226,20212022,L,264,0,"COL,FLA",29191,3,20212022,0.875,7,28,3.45311,1,3,0.375,5,3,32.55798,2022,jonas johansson,77,220,Gavle,SWE,2014.0,3.0,1.0,,,,
1,20,15,Jon Gillies,0,62,3.70241,Gillies,10,2,0,8476903,1,0.88727,488,20212022,L,550,0,"STL,NJD",60285,3,20212022,0.866666,13,52,3.10525,2,6,0.4,12,3,32.843991,2022,jon gillies,78,223,Concord,USA,2012.0,3.0,14.0,Jon Gillies,CBJ,G,750000.0
0,4,4,Joseph Woll,0,11,2.75114,Woll,1,0,2,8479361,0,0.91056,112,20212022,L,123,1,TOR,14394,3,20212022,1.0,4,15,3.75156,0,2,0.5,1,3,30.76282,2022,joseph woll,75,212,Dardenne Prairie,USA,2016.0,3.0,1.0,,,,
0,9,7,Anton Khudobin,0,28,3.63269,Khudobin,4,1,0,8471418,0,0.87878,203,20212022,L,231,0,DAL,27748,3,20212022,0.857142,6,21,2.72452,1,3,0.428571,5,3,29.96973,2022,anton khudobin,71,210,Ust-Kamenogorsk,KAZ,2004.0,7.0,13.0,Anton Khudobin,CHI,G,3333334.0
1,6,6,J-F Berube,0,21,4.11921,Berube,2,0,0,8475234,1,0.89952,188,20212022,L,209,0,CBJ,18353,3,20212022,0.833333,5,21,4.11921,1,4,0.666666,2,3,40.996026,2022,jf berube,73,177,Repentigny,CAN,2009.0,4.0,4.0,,,,
0,10,8,Jonathan Bernier,0,26,3.05822,Bernier,4,1,0,8473541,0,0.90151,238,20212022,L,264,0,NJD,30606,4,20212022,0.875,7,22,2.58772,1,3,0.375,4,3,31.052737,2022,jonathan bernier,72,185,Laval,CAN,2006.0,1.0,11.0,Jonathan Bernier,NJD,G,4125000.0
0,17,14,Jaroslav Halak,0,39,2.93729,Halak,7,2,2,8470860,0,0.9025,361,20212022,L,400,0,VAN,47799,4,20212022,0.785714,11,33,2.4854,3,7,0.5,8,4,30.126153,2022,jaroslav halak,71,189,Bratislava,SVK,2003.0,9.0,10.0,Jaroslav Halak,NYR,G,1500000.0
0,11,10,Andrew Hammond,0,38,3.88768,Hammond,5,1,0,8477202,0,0.87898,276,20212022,L,314,0,"MTL,NJD",35188,4,20212022,0.8,8,24,2.45538,2,4,0.4,6,3,32.124589,2022,andrew hammond,74,215,Surrey,CAN,,,,,,,
0,18,16,Filip Gustavsson,0,62,3.55114,Gustavsson,12,1,0,8479406,0,0.89198,512,20212022,L,574,0,OTT,62853,5,20212022,1.0,16,46,2.63471,0,8,0.5,13,3,32.876713,2022,filip gustavsson,74,184,Skelleftea,SWE,2016.0,2.0,25.0,Filip Gustavsson,MIN,G,787500.0
0,5,4,Charlie Lindgren,0,5,1.21745,Lindgren,0,0,0,8479292,0,0.95762,113,20212022,R,118,0,STL,14785,5,20212022,1.0,4,19,4.62631,0,4,1.0,0,5,28.731825,2022,charlie lindgren,74,190,Lakeville,USA,,,,Charlie Lindgren,WAS,G,1100000.0
0,20,20,Matt Murray,0,60,3.04693,Murray,12,2,0,8476899,0,0.90625,580,20212022,L,640,1,OTT,70891,5,20212022,0.9,18,48,2.43754,2,12,0.6,13,5,32.5006,2022,matt murray,77,220,Thunder Bay,CAN,2012.0,3.0,22.0,,,,
0,17,12,David Rittich,0,49,3.57258,Rittich,3,4,2,8479496,0,0.88631,382,20212022,L,431,0,NSH,49376,6,20212022,1.0,12,46,3.35385,0,4,0.333333,6,5,31.424174,2022,david rittich,75,200,Jihlava,CZE,,,,David Rittich,WPG,G,900000.0
0,13,12,Stuart Skinner,0,32,2.61526,Skinner,6,0,0,8479973,0,0.9128,335,20212022,L,367,1,EDM,44049,6,20212022,1.0,12,42,3.43254,0,6,0.5,6,5,29.993871,2022,stuart skinner,76,215,Edmonton,CAN,2017.0,3.0,16.0,Stuart Skinner,EDM,G,750000.0
0,22,17,Joonas Korpisalo,0,78,4.14715,Korpisalo,11,0,2,8476914,0,0.87697,556,20212022,L,634,0,CBJ,67709,7,20212022,0.941176,16,52,2.76477,1,5,0.294117,11,6,33.708961,2022,joonas korpisalo,76,200,Pori,FIN,2012.0,3.0,1.0,Joonas Korpisalo,LAK,G,1300000.0
0,38,30,Samuel Montembeault,0,122,3.76772,Montembeault,18,6,0,8478470,0,0.89145,1002,20212022,L,1124,1,MTL,116569,8,20212022,0.866666,26,88,2.7177,4,13,0.433333,22,8,34.712488,2022,samuel montembeault,75,218,Becancour,CAN,2015.0,3.0,16.0,Samuel Montembeault,MTL,G,1000000.0
1,32,29,Kevin Lankinen,0,106,3.503,Lankinen,15,6,0,8480947,1,0.89105,867,20212022,L,973,0,CHI,108935,8,20212022,0.965517,28,83,2.74292,1,14,0.482758,21,6,32.154955,2022,kevin lankinen,74,190,Helsinki,FIN,,,,Kevin Lankinen,NSH,G,1500000.0
0,14,12,Erik Kallgren,0,43,3.30988,Kallgren,4,1,2,8478902,0,0.88831,342,20212022,L,385,1,TOR,46769,8,20212022,0.916666,11,49,3.77172,1,5,0.416666,5,7,29.635016,2022,erik kallgren,75,200,Stockholm,SWE,2015.0,7.0,2.0,,,,
0,35,35,Jake Allen,0,107,3.29625,Allen,20,4,2,8474596,0,0.90471,1016,20212022,L,1123,2,MTL,116860,9,20212022,0.885714,31,81,2.49529,4,21,0.6,24,8,34.595242,2022,jake allen,74,197,Fredericton,CAN,2008.0,2.0,4.0,Jake Allen,MTL,G,2875000.0
0,25,24,Mackenzie Blackwood,0,79,3.38801,Blackwood,10,4,0,8478406,0,0.89192,652,20212022,L,731,2,NJD,83943,9,20212022,0.875,21,70,3.00203,3,9,0.375,12,9,31.349844,2022,mackenzie blackwood,76,225,Thunder Bay,CAN,2015.0,2.0,12.0,MacKenzie Blackwood,NJD,G,2800000.0
0,27,24,Chris Driedger,0,73,2.96266,Driedger,14,1,4,8476904,0,0.89889,649,20212022,L,722,1,SEA,88704,9,20212022,0.958333,23,70,2.8409,1,11,0.458333,15,9,29.301948,2022,chris driedger,76,210,Winnipeg,CAN,2012.0,3.0,15.0,,,,
1,31,28,Thomas Greiss,0,92,3.66112,Greiss,15,1,2,8471306,1,0.89073,750,20212022,L,842,0,DET,90464,10,20212022,0.75,21,59,2.34789,7,14,0.5,15,8,33.507252,2022,thomas greiss,74,219,Fussen,DEU,2004.0,3.0,29.0,Thomas Greiss,STL,G,1250000.0
1,19,16,Eric Comrie,0,44,2.57607,Comrie,5,1,0,8477480,1,0.92,506,20212022,L,550,1,WPG,61489,10,20212022,1.0,16,50,2.92735,0,10,0.625,5,9,32.200882,2022,eric comrie,73,190,Edmonton,CAN,2013.0,2.0,29.0,Eric Comrie,BUF,G,1800000.0
0,24,22,Braden Holtby,0,61,2.77595,Holtby,10,1,2,8474651,0,0.91285,639,20212022,L,700,0,DAL,79108,10,20212022,0.90909,20,55,2.5029,2,13,0.590909,10,8,31.855185,2022,braden holtby,73,215,Lloydminster,CAN,2008.0,4.0,2.0,,,,
0,24,21,Laurent Brossoit,0,62,2.90299,Brossoit,9,3,0,8476316,0,0.89455,526,20212022,L,588,1,VGK,76886,10,20212022,0.95238,20,62,2.90299,1,10,0.47619,12,9,27.53167,2022,laurent brossoit,75,203,Port Alberni,CAN,2011.0,6.0,13.0,Laurent Brossoit,VGK,G,2325000.0
0,31,29,Semyon Varlamov,0,87,2.91248,Varlamov,17,2,0,8473575,0,0.91104,891,20212022,L,978,2,NYI,107537,10,20212022,1.0,29,73,2.44381,0,18,0.620689,17,9,32.74036,2022,semyon varlamov,74,201,Samara,RUS,2006.0,1.0,23.0,Semyon Varlamov,NYI,G,5000000.0
0,29,28,Dustin Tokarski,0,91,3.26665,Tokarski,12,5,0,8474682,0,0.89888,809,20212022,L,900,1,BUF,100286,10,20212022,0.928571,26,73,2.6205,2,15,0.535714,16,9,32.3076,2022,dustin tokarski,72,198,Watson,CAN,2008.0,5.0,1.0,,,,
2,25,22,Adin Hill,0,61,2.65998,Hill,11,1,0,8478499,2,0.90586,587,20212022,L,648,2,SJS,82557,10,20212022,0.954545,21,58,2.52916,1,12,0.545454,12,10,28.25684,2022,adin hill,76,222,Comox,CAN,2015.0,3.0,15.0,Adin Hill,VGK,G,2175000.0
0,25,23,Nico Daws,0,66,3.11435,Daws,11,1,0,8482076,0,0.89303,551,20212022,L,617,0,NJD,76292,10,20212022,0.826086,19,65,3.06716,4,11,0.47826,11,8,29.114455,2022,nico daws,76,205,Munich,DEU,2020.0,3.0,22.0,,,,
0,19,17,Logan Thompson,0,49,2.67824,Thompson,5,3,0,8480313,0,0.91388,520,20212022,R,569,1,VGK,65864,10,20212022,1.0,17,65,3.55277,0,10,0.588235,5,10,31.10045,2022,logan thompson,76,207,Calgary,CAN,,,,Logan Thompson,VGK,G,766666.0
0,19,17,Brian Elliott,0,43,2.42614,Elliott,4,3,0,8470880,0,0.91206,446,20212022,L,489,1,TBL,63805,11,20212022,1.0,17,63,3.55458,0,8,0.470588,4,10,27.590314,2022,brian elliott,74,221,Newmarket,CAN,2003.0,9.0,30.0,Brian Elliott,TBL,G,900000.0
0,26,24,Casey DeSmith,0,66,2.79237,DeSmith,6,5,0,8479193,0,0.91417,703,20212022,L,769,3,PIT,85089,11,20212022,0.916666,22,72,3.04622,2,15,0.625,8,11,32.535345,2022,casey desmith,72,188,Rochester,USA,,,,Casey DeSmith,PIT,G,1800000.0
0,35,33,Martin Jones,0,114,3.4249,Jones,18,3,0,8474889,0,0.90008,1027,20212022,L,1141,0,PHI,119828,12,20212022,0.969696,32,96,2.88413,1,17,0.515151,21,11,34.279133,2022,martin jones,77,203,North Vancouver,CAN,,,,Martin Jones,SEA,G,2000000.0
0,20,18,Petr Mrazek,0,58,3.33935,Mrazek,6,0,0,8475852,0,0.88846,462,20212022,L,520,0,TOR,62527,12,20212022,0.833333,15,63,3.62723,3,6,0.333333,6,12,29.939066,2022,petr mrazek,74,192,Ostrava,CZE,2010.0,5.0,21.0,Petr Mrazek,CHI,G,3800000.0
1,28,23,Anthony Stolarz,0,67,2.66858,Stolarz,8,3,2,8476932,1,0.91718,742,20212022,L,809,3,ANA,90385,12,20212022,0.956521,22,72,2.86773,1,15,0.652173,10,11,32.222161,2022,anthony stolarz,78,248,Edison,USA,2012.0,2.0,15.0,Anthony Stolarz,ANA,G,950000.0
1,45,44,Carter Hart,0,137,3.15781,Hart,24,7,0,8479394,1,0.90492,1304,20212022,L,1441,1,PHI,156184,13,20212022,0.954545,42,104,2.39717,2,23,0.522727,27,13,33.21467,2022,carter hart,74,196,Sherwood Park,CAN,2016.0,2.0,18.0,Carter Hart,PHI,G,3979000.0
0,37,32,Scott Wedgewood,0,110,3.13817,Wedgewood,15,6,0,8475809,0,0.90968,1108,20212022,L,1218,1,"NJD,ARI,DAL",126188,13,20212022,1.0,32,95,2.71024,0,16,0.5,18,11,34.748153,2022,scott wedgewood,74,201,Brampton,CAN,2010.0,3.0,24.0,Scott Wedgewood,DAL,G,1000000.0
0,52,49,Karel Vejmelka,0,170,3.67801,Vejmelka,32,3,0,8478872,0,0.89814,1499,20212022,R,1669,1,ARI,166394,13,20212022,0.857142,42,107,2.31498,7,24,0.489795,34,13,36.109475,2022,karel vejmelka,76,221,Trebic,CZE,2015.0,5.0,24.0,Karel Vejmelka,ARI,G,2725000.0
1,23,19,Dan Vladar,0,57,2.75111,Vladar,6,2,0,8478435,1,0.90625,551,20212022,L,608,2,CGY,74588,13,20212022,1.0,19,71,3.42682,0,11,0.578947,7,12,29.345204,2022,dan vladar,77,209,Prague,CZE,2015.0,3.0,14.0,,,,
1,36,33,Kaapo Kahkonen,0,93,2.86602,Kahkonen,14,4,2,8478039,1,0.91193,963,20212022,L,1056,0,"MIN,SJS",116817,14,20212022,0.939393,31,97,2.98929,2,23,0.696969,15,13,32.543209,2022,kaapo kahkonen,74,217,Helsinki,FIN,2014.0,4.0,19.0,Kaapo Kahkonen,SJS,G,2750000.0
0,21,18,Pavel Francouz,0,51,2.54968,Francouz,5,1,0,8480925,0,0.91611,557,20212022,R,608,2,COL,72009,15,20212022,1.0,18,70,3.49956,0,9,0.5,6,13,30.3962,2022,pavel francouz,72,179,Plzen,CZE,,,,Pavel Francouz,COL,G,2000000.0
0,28,26,Antti Raanta,0,62,2.4528,Raanta,5,4,0,8477293,0,0.91218,644,20212022,L,706,2,CAR,90998,15,20212022,0.923076,24,86,3.40227,2,15,0.576923,8,15,27.930284,2022,antti raanta,72,195,Rauma,FIN,,,,Antti Raanta,CAR,G,2000000.0
0,33,28,Alexandar Georgiev,0,85,2.92079,Georgiev,10,2,0,8480382,0,0.89783,747,20212022,L,832,2,NYR,104766,15,20212022,0.964285,27,84,2.88643,1,13,0.464285,11,14,28.589428,2022,alexandar georgiev,73,178,Ruse,BGR,,,,,,,
1,28,27,Mike Smith,0,74,2.81018,Smith,9,2,6,8469608,1,0.91533,800,20212022,L,874,2,EDM,94798,16,20212022,0.925925,25,95,3.60767,2,17,0.629629,11,15,33.190574,2022,mike smith,77,220,Kingston,CAN,2001.0,5.0,30.0,Mike Smith,EDM,G,2200000.0
1,31,31,Craig Anderson,0,97,3.11688,Anderson,12,2,0,8467950,1,0.89735,848,20212022,L,945,0,BUF,112035,17,20212022,1.0,31,97,3.11688,0,15,0.48387,13,16,30.365511,2022,craig anderson,74,187,Park Ridge,USA,2001.0,3.0,10.0,Craig Anderson,BUF,G,1500000.0
0,37,37,Jordan Binnington,0,112,3.13294,Binnington,14,4,14,8476412,0,0.90132,1023,20212022,L,1135,2,STL,128697,18,20212022,0.945945,35,119,3.32874,2,18,0.486486,17,16,31.748992,2022,jordan binnington,74,172,Richmond Hill,CAN,2011.0,3.0,27.0,Jordan Binnington,STL,G,6000000.0
1,55,54,Philipp Grubauer,0,164,3.16254,Grubauer,31,5,0,8475831,1,0.88911,1315,20212022,L,1479,2,SEA,186685,18,20212022,0.925925,50,131,2.52618,4,22,0.407407,35,15,28.52077,2022,philipp grubauer,73,188,Rosenheim,DEU,2010.0,4.0,22.0,,,,
1,56,56,John Gibson,0,172,3.18953,Gibson,26,11,12,8476434,1,0.90385,1617,20212022,L,1789,1,ANA,194135,18,20212022,0.910714,51,145,2.68885,5,30,0.535714,33,16,33.174853,2022,john gibson,75,209,Pittsburgh,USA,2011.0,2.0,9.0,John Gibson,ANA,G,6400000.0
0,32,27,Spencer Knight,0,81,2.79272,Knight,9,3,0,8481519,0,0.90753,795,20212022,L,876,2,FLA,104414,19,20212022,0.962962,26,110,3.79259,1,15,0.555555,10,18,30.202847,2022,spencer knight,75,191,Darien,USA,2019.0,1.0,13.0,,,,
0,48,46,James Reimer,0,129,2.89596,Reimer,17,10,0,8473503,0,0.91103,1321,20212022,L,1450,1,SJS,160361,19,20212022,0.847826,39,117,2.62657,7,32,0.695652,24,16,32.551555,2022,james reimer,74,200,Morweena,CAN,2006.0,4.0,6.0,James Reimer,SJS,G,2250000.0
0,37,35,Calvin Petersen,0,105,2.89455,Petersen,14,2,2,8477361,0,0.8952,897,20212022,R,1002,3,LAK,130590,20,20212022,1.0,35,104,2.86698,0,21,0.6,16,19,27.622329,2022,calvin petersen,74,185,Waterloo,USA,2013.0,5.0,8.0,,,,
2,59,52,Alex Nedeljkovic,0,178,3.30568,Nedeljkovic,24,9,2,8477968,2,0.90089,1618,20212022,L,1796,4,DET,193848,20,20212022,0.903846,47,150,2.78568,5,29,0.557692,32,20,33.353968,2022,alex nedeljkovic,72,205,Parma,USA,2014.0,2.0,7.0,,,,
0,42,39,Vitek Vanecek,0,103,2.6668,Vanecek,12,6,0,8477970,0,0.90778,1014,20212022,L,1117,4,WSH,139043,20,20212022,0.897435,35,122,3.15873,4,20,0.51282,16,18,28.92055,2022,vitek vanecek,74,184,Havlickuv Brod,CZE,2014.0,2.0,9.0,Vitek Vanecek,NJD,G,3400000.0
0,46,44,Anton Forsberg,0,121,2.8233,Forsberg,17,4,2,8476341,0,0.91695,1336,20212022,L,1457,1,OTT,154287,22,20212022,0.954545,42,121,2.8233,2,30,0.681818,20,21,33.996383,2022,anton forsberg,75,200,Härnösand,SWE,2011.0,7.0,7.0,Anton Forsberg,OTT,G,2750000.0
0,44,39,Ilya Samsonov,0,119,3.02375,Samsonov,12,5,0,8478492,0,0.89606,1026,20212022,L,1145,3,WSH,141678,23,20212022,0.897435,35,130,3.30326,4,18,0.461538,17,20,29.094143,2022,ilya samsonov,75,208,Magnitogorsk,RUS,2015.0,1.0,22.0,Ilya Samsonov,TOR,G,1800000.0
0,41,39,Jeremy Swayman,0,96,2.4098,Swayman,14,3,6,8480280,0,0.91359,1015,20212022,L,1111,3,BOS,143414,23,20212022,0.974358,38,113,2.83654,1,25,0.641025,15,22,27.88849,2022,jeremy swayman,75,195,Anchorage,USA,2017.0,4.0,18.0,Jeremy Swayman,BOS,G,925000.0
1,46,46,Jonathan Quick,0,116,2.59134,Quick,13,9,6,8471734,1,0.90965,1168,20212022,L,1284,2,LAK,161152,23,20212022,0.934782,43,123,2.74771,3,26,0.565217,18,20,28.683479,2022,jonathan quick,73,219,Milford,USA,2005.0,3.0,11.0,Jonathan Quick,VGK,G,5800000.0
1,44,44,Robin Lehner,0,120,2.82724,Lehner,17,2,10,8475215,1,0.90683,1168,20212022,L,1288,1,VGK,152799,23,20212022,0.90909,40,125,2.94504,4,26,0.590909,18,20,30.345748,2022,robin lehner,76,250,Gothenburg,SWE,2009.0,2.0,16.0,Robin Lehner,VGK,G,5000000.0
0,40,38,Ville Husso,0,100,2.56275,Husso,7,6,0,8478024,0,0.91909,1136,20212022,L,1236,2,STL,140474,25,20212022,0.973684,37,153,3.92101,1,24,0.631578,11,25,31.675613,2022,ville husso,75,205,Helsinki,FIN,2014.0,4.0,4.0,Ville Husso,DET,G,4750000.0
1,41,39,Linus Ullmark,0,95,2.44589,Ullmark,10,2,4,8476999,1,0.91666,1045,20212022,L,1140,1,BOS,139826,26,20212022,0.948717,37,127,3.26977,2,23,0.589743,12,25,29.350764,2022,linus ullmark,76,223,Lugnvik,SWE,2012.0,6.0,12.0,Linus Ullmark,BOS,G,5000000.0
0,52,52,Ilya Sorokin,0,123,2.40212,Sorokin,18,8,0,8478009,0,0.92513,1520,20212022,L,1643,7,NYI,184337,26,20212022,0.961538,50,147,2.87082,2,37,0.711538,22,25,32.086884,2022,ilya sorokin,75,189,Mezhdurechensk,RUS,2014.0,3.0,18.0,Ilya Sorokin,NYI,G,4000000.0
0,45,43,Mikko Koskinen,0,136,3.10427,Koskinen,12,4,4,8475156,0,0.90264,1261,20212022,L,1397,1,EDM,157718,27,20212022,0.953488,41,146,3.33253,2,22,0.511627,15,24,31.887292,2022,mikko koskinen,79,202,Vantaa,FIN,2009.0,2.0,1.0,,,,
2,59,56,Elvis Merzlikins,0,178,3.21675,Merzlikins,23,7,8,8478007,2,0.90729,1742,20212022,L,1920,2,CBJ,199207,27,20212022,0.892857,50,171,3.09025,6,30,0.535714,27,24,34.697576,2022,elvis merzlikins,75,190,Riga,LVA,2014.0,3.0,16.0,Elvis Merzlikins,CBJ,G,5400000.0
2,56,56,Marc-Andre Fleury,0,159,2.90422,Fleury,23,5,2,8470594,2,0.90819,1573,20212022,L,1732,4,"CHI,MIN",197092,28,20212022,0.946428,53,150,2.73983,3,31,0.553571,26,25,31.635987,2022,marcandre fleury,74,185,Sorel,CAN,2003.0,1.0,1.0,Marc-Andre Fleury,MIN,G,3500000.0
2,66,66,Connor Hellebuyck,0,193,2.96656,Hellebuyck,27,10,0,8476945,2,0.91044,1962,20212022,L,2155,4,WPG,234210,29,20212022,0.954545,63,194,2.98193,3,41,0.621212,34,28,33.124119,2022,connor hellebuyck,76,207,Commerce,USA,2012.0,5.0,9.0,Connor Hellebuyck,WPG,G,6166666.0
2,48,46,Jake Oettinger,0,114,2.52622,Oettinger,15,1,0,8479979,2,0.91435,1217,20212022,L,1331,1,DAL,162456,30,20212022,0.913043,42,135,2.99157,4,31,0.673913,15,28,29.494755,2022,jake oettinger,78,225,Lakeville,USA,2017.0,1.0,26.0,Jake Oettinger,DAL,G,4000000.0
1,49,47,Jack Campbell,0,123,2.64005,Campbell,9,6,0,8475789,1,0.91398,1307,20212022,L,1430,5,TOR,167724,31,20212022,0.93617,44,178,3.82056,3,30,0.638297,14,29,30.693281,2022,jack campbell,75,200,Port Huron,USA,2010.0,1.0,11.0,Jack Campbell,EDM,G,5000000.0
1,49,48,Cam Talbot,0,132,2.76499,Talbot,12,4,2,8475660,1,0.91129,1356,20212022,L,1488,3,MIN,171863,32,20212022,0.958333,46,162,3.3934,2,28,0.583333,15,28,31.169012,2022,cam talbot,75,202,Caledonia,CAN,,,,,,,
2,64,61,Thatcher Demko,0,168,2.72384,Demko,22,7,2,8477967,2,0.91459,1799,20212022,L,1967,1,VAN,222039,33,20212022,0.950819,58,189,3.06432,3,37,0.606557,27,30,31.891694,2022,thatcher demko,76,192,San Diego,USA,2014.0,2.0,6.0,Thatcher Demko,VAN,G,5000000.0
2,58,56,Tristan Jarry,0,138,2.42446,Jarry,18,6,2,8477465,2,0.91934,1573,20212022,L,1711,4,PIT,204911,34,20212022,0.964285,54,186,3.26776,2,35,0.625,20,31,30.059879,2022,tristan jarry,76,201,Surrey,CAN,2013.0,2.0,14.0,Tristan Jarry,PIT,G,3500000.0
4,52,51,Frederik Andersen,0,111,2.16875,Andersen,14,3,0,8475883,4,0.92243,1320,20212022,L,1431,4,CAR,184253,35,20212022,0.941176,48,167,3.2629,3,33,0.647058,16,34,27.959382,2022,frederik andersen,76,229,Herning,DNK,2012.0,3.0,26.0,Frederik Andersen,CAR,G,4500000.0
1,53,52,Igor Shesterkin,0,106,2.0713,Shesterkin,13,4,2,8478048,1,0.93464,1516,20212022,L,1622,6,NYR,184232,36,20212022,0.903846,47,152,2.97016,5,39,0.75,15,33,31.694819,2022,igor shesterkin,73,199,Moscow,RUS,2014.0,4.0,28.0,Igor Shesterkin,NYR,G,5666667.0
0,57,57,Darcy Kuemper,0,138,2.54085,Kuemper,12,4,2,8475311,0,0.92132,1616,20212022,L,1754,5,COL,195525,37,20212022,0.894736,51,196,3.60874,6,40,0.701754,14,35,32.294591,2022,darcy kuemper,77,215,Saskatoon,CAN,2009.0,6.0,11.0,Darcy Kuemper,WAS,G,5250000.0
3,63,63,Jacob Markstrom,0,137,2.22412,Markstrom,15,9,10,8474593,3,0.92189,1617,20212022,L,1754,9,CGY,221750,37,20212022,0.936507,59,213,3.45794,4,39,0.619047,23,36,28.47531,2022,jacob markstrom,78,207,Gavle,SWE,2008.0,2.0,1.0,Jacob Markstrom,CGY,G,6000000.0
0,67,67,Juuse Saros,0,173,2.64007,Saros,25,3,0,8477424,0,0.91789,1934,20212022,L,2107,4,NSH,235902,38,20212022,0.925373,62,201,3.06737,5,45,0.671641,27,35,32.15403,2022,juuse saros,71,180,Forssa,FIN,2013.0,4.0,8.0,Juuse Saros,NSH,G,5000000.0
1,63,63,Andrei Vasilevskiy,0,156,2.48886,Vasilevskiy,18,5,6,8476883,1,0.91648,1712,20212022,L,1868,2,TBL,225645,39,20212022,0.968253,61,200,3.19085,2,42,0.666666,21,38,29.802566,2022,andrei vasilevskiy,76,223,Tyumen,RUS,2012.0,1.0,19.0,Andrei Vasilevskiy,TBL,G,9500000.0
0,54,53,Sergei Bobrovsky,0,137,2.66695,Bobrovsky,7,3,4,8475683,0,0.91251,1429,20212022,L,1566,3,FLA,184930,39,20212022,0.90566,48,214,4.1659,5,32,0.603773,8,37,30.485048,2022,sergei bobrovsky,74,180,Novokuznetsk,RUS,,,,Sergei Bobrovsky,FLA,G,10000000.0
0,1,1,Jet Greaves,0,3,3.05343,Greaves,1,0,0,8482982,0,0.93877,46,20222023,L,49,0,CBJ,3537,0,20222023,1.0,1,2,2.03562,0,1,1.0,1,0,49.872773,2023,jet greaves,72,188,Cambridge,CAN,,,,,,,
0,1,1,Yaroslav Askarov,0,4,4.14985,Askarov,1,0,0,8482137,0,0.88571,31,20222023,R,35,0,NSH,3470,0,20222023,1.0,1,2,2.07492,0,0,0.0,1,0,36.311272,2023,yaroslav askarov,75,180,Omsk,RUS,2020.0,1.0,11.0,,,,
0,1,1,Olle Eriksson Ek,0,5,4.68872,Eriksson Ek,0,1,0,8480042,0,0.87179,34,20222023,L,39,0,ANA,3839,0,20222023,1.0,1,4,3.75097,0,0,0.0,1,0,36.572054,2023,olle eriksson ek,75,189,Karlstad,SWE,2017.0,5.0,29.0,,,,
0,1,0,Jett Alexander,0,0,0.0,Alexander,0,0,0,8483183,0,,0,20222023,L,0,0,TOR,70,0,20222023,,0,0,0.0,0,0,,0,0,0.0,2023,jett alexander,77,214,Bloomfield,CAN,,,,,,,
0,1,0,Dylan Wells,0,1,3.0,Wells,0,0,0,8479380,0,0.92307,12,20222023,L,13,0,CHI,1200,0,20222023,,0,0,0.0,0,0,,0,0,39.000039,2023,dylan wells,74,190,St. Catharines,CAN,2016.0,5.0,2.0,,,,
0,4,3,Aaron Dell,0,9,2.7097,Dell,3,0,0,8477180,0,0.91262,94,20222023,L,103,0,SJS,11957,0,20222023,1.0,3,7,2.10755,0,2,0.666666,3,0,31.011131,2023,aaron dell,72,213,Airdrie,CAN,,,,,,,
0,2,2,Leevi Meriläinen,0,6,4.23114,Meriläinen,1,1,0,8482447,0,0.87755,43,20222023,L,49,0,OTT,5105,0,20222023,0.5,1,2,1.41038,1,1,0.5,2,0,34.554372,2023,leevi merilainen,74,196,Oulu,FIN,2020.0,3.0,9.0,,,,
0,1,0,Matthew Berlin,0,0,0.0,Berlin,0,0,0,8483158,0,1.0,1,20222023,L,1,0,EDM,146,0,20222023,,0,0,0.0,0,0,,0,0,24.657872,2023,matthew berlin,75,205,Edmonton,CAN,,,,,,,
0,1,1,Anton Khudobin,0,6,6.0,Khudobin,1,0,0,8471418,0,0.78571,22,20222023,L,28,0,CHI,3600,0,20222023,1.0,1,1,1.0,0,0,0.0,1,0,28.0,2023,anton khudobin,71,210,Ust-Kamenogorsk,KAZ,2004.0,7.0,13.0,,,,
0,3,2,Cayden Primeau,0,8,3.46361,Primeau,2,0,0,8480051,0,0.85185,46,20222023,L,54,0,MTL,8315,0,20222023,1.0,2,3,1.29885,0,1,0.5,2,0,23.379437,2023,cayden primeau,75,205,Farmington Hills,USA,2017.0,7.0,13.0,Cayden Primeau,MTL,G,890000.0
0,3,3,Matt Murray,0,10,3.38919,Murray,2,0,0,8483575,0,0.84375,54,20222023,L,64,0,DAL,10622,1,20222023,1.0,3,8,2.71135,0,1,0.333333,2,1,21.690834,2023,matt murray,73,196,St. Albert,CAN,,,,,,,
0,3,2,Jon Gillies,0,9,4.57046,Gillies,1,0,0,8476903,0,0.86363,57,20222023,L,66,0,CBJ,7089,1,20222023,0.5,1,6,3.04697,1,0,0.0,1,1,33.516727,2023,jon gillies,78,223,Concord,USA,2012.0,3.0,14.0,,,,
0,4,2,Dustin Tokarski,0,12,3.43839,Tokarski,2,0,0,8474682,0,0.89743,105,20222023,L,117,0,PIT,12564,1,20222023,1.0,2,8,2.29226,0,1,0.5,2,1,33.524355,2023,dustin tokarski,72,198,Watson,CAN,2008.0,5.0,1.0,,,,
0,2,1,Keith Kinkaid,0,2,1.36596,Kinkaid,0,0,0,8476234,0,0.95,38,20222023,L,40,0,"BOS,COL",5271,1,20222023,1.0,1,5,3.41491,0,1,1.0,0,1,27.319306,2023,keith kinkaid,74,195,Farmingville,USA,,,,,,,
0,2,2,Justus Annunen,0,7,3.57954,Annunen,1,0,0,8481020,0,0.85416,41,20222023,L,48,0,COL,7040,1,20222023,1.0,2,9,4.60227,0,1,0.5,1,1,24.545461,2023,justus annunen,76,210,Kempele,FIN,2018.0,3.0,2.0,Justus Annunen,COL,G,775000.0
0,2,1,Eetu Makiniemi,0,3,2.13438,Makiniemi,0,1,0,8480199,0,0.90625,29,20222023,L,32,0,SJS,5060,1,20222023,1.0,1,8,5.69169,0,1,1.0,1,1,22.766807,2023,eetu makiniemi,74,184,Vantaa,FIN,2017.0,4.0,11.0,,,,
0,2,2,Dylan Ferguson,0,5,2.52383,Ferguson,1,0,0,8480263,0,0.93975,78,20222023,L,83,0,OTT,7132,1,20222023,1.0,2,5,2.52383,0,1,0.5,1,1,41.895683,2023,dylan ferguson,74,194,Lantzville,CAN,2017.0,7.0,8.0,,,,
0,3,3,Kevin Mandolese,0,10,3.29308,Mandolese,2,0,0,8480867,0,0.91596,109,20222023,L,119,0,OTT,10932,1,20222023,1.0,3,4,1.31723,0,2,0.666666,2,0,39.187714,2023,kevin mandolese,76,180,Blainville,CAN,2018.0,6.0,2.0,,,,
0,1,1,Dustin Wolf,0,1,1.00166,Wolf,0,0,0,8481692,0,0.95833,23,20222023,L,24,0,CGY,3594,1,20222023,1.0,1,3,3.005,0,1,1.0,0,1,24.040074,2023,dustin wolf,72,166,Gilroy,USA,2019.0,7.0,28.0,,,,
0,2,2,Jiri Patera,0,5,2.5,Patera,0,0,0,8480238,0,0.92857,65,20222023,L,70,0,VGK,7200,2,20222023,1.0,2,12,6.0,0,2,1.0,0,2,35.0,2023,jiri patera,75,212,Praha,CZE,2017.0,6.0,6.0,,,,
1,16,10,Michael Hutchinson,0,54,4.28883,Hutchinson,6,3,0,8474636,1,0.87731,379,20222023,R,432,0,CBJ,45327,2,20222023,0.9,9,24,1.90614,1,2,0.2,9,2,34.310676,2023,michael hutchinson,75,201,Barrie,CAN,2008.0,3.0,16.0,,,,
0,3,2,Jonas Johansson,0,5,2.09863,Johansson,0,0,0,8477992,0,0.9315,68,20222023,L,73,0,COL,8577,2,20222023,1.0,2,10,4.19727,0,1,0.5,0,2,30.640083,2023,jonas johansson,77,220,Gavle,SWE,2014.0,3.0,1.0,Jonas Johansson,TBL,G,775000.0
0,15,13,Arvid Soderblom,0,48,3.44813,Soderblom,10,2,0,8482821,0,0.89403,405,20222023,L,453,0,CHI,50114,2,20222023,0.923076,12,24,1.72406,1,6,0.461538,11,2,32.541805,2023,arvid soderblom,75,180,Göteborg,SWE,,,,Arvid Söderblom,CHI,G,962500.0
0,5,4,Joey Daccord,0,13,3.14347,Daccord,1,1,0,8478916,0,0.9,117,20222023,L,130,0,SEA,14888,2,20222023,1.0,4,12,2.90166,0,1,0.25,1,2,31.434716,2023,joey daccord,74,201,Boston,USA,2015.0,7.0,18.0,Joey Daccord,SEA,G,1200000.0
0,5,5,Arturs Silovs,0,14,2.74569,Silovs,2,0,0,8481668,0,0.90789,138,20222023,L,152,0,VAN,18356,3,20222023,1.0,5,16,3.13793,0,4,0.8,2,2,29.810421,2023,arturs silovs,76,208,Riga,LVA,2019.0,6.0,1.0,,,,
0,10,9,Erik Kallgren,0,25,2.67062,Kallgren,2,4,0,8478902,0,0.89837,221,20222023,L,246,0,TOR,33700,3,20222023,1.0,9,25,2.67062,0,3,0.333333,6,3,26.278932,2023,erik kallgren,75,200,Stockholm,SWE,2015.0,7.0,2.0,,,,
0,20,18,Felix Sandstrom,0,69,3.72017,Sandstrom,12,3,0,8478433,0,0.88,506,20222023,L,575,0,PHI,66771,3,20222023,1.0,18,47,2.53403,0,5,0.277777,15,3,31.001482,2023,felix sandstrom,74,211,Gavle,SWE,2015.0,3.0,9.0,,,,
0,6,6,Joel Hofer,0,17,3.21563,Hofer,1,1,0,8480981,0,0.90502,162,20222023,L,179,0,STL,19032,3,20222023,0.666666,4,17,3.21563,2,3,0.5,1,3,33.858768,2023,joel hofer,77,193,Winnipeg,CAN,2018.0,4.0,14.0,Joel Hofer,STL,G,775000.0
1,17,16,Daniil Tarasov,0,57,3.91244,Tarasov,11,1,0,8480193,1,0.89204,471,20222023,L,528,0,CBJ,52448,4,20222023,0.75,12,35,2.40237,4,6,0.375,11,4,36.241612,2023,daniil tarasov,77,203,Novokuznetsk,RUS,2017.0,3.0,24.0,Daniil Tarasov,CBJ,G,1050000.0
0,7,7,Ivan Prosvetov,0,28,3.98072,Prosvetov,3,0,0,8481031,0,0.88034,206,20222023,L,234,0,ARI,25322,4,20222023,1.0,7,18,2.55903,0,3,0.428571,3,4,33.267518,2023,ivan prosvetov,77,195,Moscow,RUS,2018.0,4.0,21.0,,,,
0,19,17,Lukas Dostal,0,67,3.78275,Dostal,10,3,0,8480843,0,0.90132,612,20222023,L,679,0,ANA,63763,4,20222023,1.0,17,44,2.48419,0,13,0.764705,13,4,38.335712,2023,lukas dostal,74,190,Brno,CZE,2018.0,3.0,23.0,Lukas Dostal,ANA,G,812500.0
0,18,14,Magnus Hellberg,0,50,3.20393,Hellberg,8,1,0,8476433,0,0.88814,397,20222023,L,447,0,"OTT,DET",56181,5,20222023,0.928571,13,40,2.56314,1,6,0.428571,8,4,28.643136,2023,magnus hellberg,78,206,Uppsala,SWE,2011.0,2.0,8.0,,,,
0,6,6,Jaxson Stauber,0,17,2.80605,Stauber,1,0,0,8483530,0,0.91099,174,20222023,L,191,0,CHI,21810,5,20222023,1.0,6,23,3.79642,0,4,0.666666,1,5,31.526824,2023,jaxson stauber,75,174,Wayzata,USA,,,,,,,
0,7,7,Devon Levi,0,21,2.93694,Levi,2,0,0,8482221,0,0.9054,201,20222023,L,222,0,BUF,25741,5,20222023,1.0,7,23,3.21665,0,5,0.714285,2,3,31.047748,2023,devon levi,72,192,Dollard-des-Ormeaux,CAN,2020.0,7.0,26.0,,,,
0,15,13,Alex Nedeljkovic,0,49,3.53096,Nedeljkovic,7,2,2,8477968,0,0.89484,417,20222023,L,466,0,DET,49958,5,20222023,1.0,13,40,2.88242,0,5,0.384615,8,5,33.580207,2023,alex nedeljkovic,72,205,Parma,USA,2014.0,2.0,7.0,Alex Nedeljkovic,PIT,G,1500000.0
0,19,12,Anthony Stolarz,0,51,3.73147,Stolarz,6,0,0,8476932,0,0.89878,444,20222023,L,494,0,ANA,49203,5,20222023,0.916666,11,34,2.48765,1,6,0.5,6,3,36.144137,2023,anthony stolarz,78,248,Edison,USA,2012.0,2.0,15.0,Anthony Stolarz,FLA,G,1100000.0
0,10,9,Calvin Petersen,0,34,3.75368,Petersen,3,2,0,8477361,0,0.8677,223,20222023,R,257,0,LAK,32608,5,20222023,0.888888,8,32,3.53287,1,3,0.333333,5,4,28.373407,2023,calvin petersen,74,185,Waterloo,USA,2013.0,5.0,8.0,,,,
0,7,7,Joseph Woll,0,15,2.16121,Woll,1,0,0,8479361,0,0.9315,204,20222023,L,219,0,TOR,24986,6,20222023,1.0,7,24,3.45793,0,6,0.857142,1,6,31.553672,2023,joseph woll,75,212,Dardenne Prairie,USA,2016.0,3.0,1.0,Joseph Woll,TOR,G,766666.0
0,27,26,Connor Ingram,0,89,3.36554,Ingram,13,8,2,8478971,0,0.90729,871,20222023,L,960,1,ARI,95200,6,20222023,0.961538,25,63,2.38235,1,17,0.653846,18,4,36.302521,2023,connor ingram,73,218,Saskatoon,CAN,2016.0,3.0,27.0,Connor Ingram,ARI,G,1950000.0
0,12,10,Samuel Ersson,0,33,3.07016,Ersson,3,0,0,8481035,0,0.89908,294,20222023,L,327,1,PHI,38695,6,20222023,0.9,9,34,3.16319,1,6,0.6,3,6,30.422535,2023,samuel ersson,75,194,Falun,SWE,2018.0,5.0,19.0,Samuel Ersson,PHI,G,859167.0
0,11,10,Laurent Brossoit,0,23,2.16969,Brossoit,0,3,0,8476316,0,0.92744,294,20222023,L,317,0,VGK,38162,7,20222023,1.0,10,33,3.11304,0,7,0.7,1,6,29.904094,2023,laurent brossoit,75,203,Port Alberni,CAN,2011.0,6.0,13.0,Laurent Brossoit,WPG,G,1750000.0
0,21,16,Thomas Greiss,0,66,3.63519,Greiss,10,0,0,8471306,0,0.89616,561,20222023,L,626,1,STL,65361,7,20222023,1.0,16,51,2.80901,0,6,0.375,10,6,34.479277,2023,thomas greiss,74,219,Fussen,DEU,2004.0,3.0,29.0,,,,
1,30,27,Elvis Merzlikins,0,110,4.23022,Merzlikins,18,2,4,8478007,1,0.87626,779,20222023,L,889,0,CBJ,93612,7,20222023,0.814814,22,70,2.69196,5,9,0.333333,20,7,34.187925,2023,elvis merzlikins,75,190,Riga,LVA,2014.0,3.0,16.0,Elvis Merzlikins,CBJ,G,5400000.0
1,19,17,Mads Sogaard,0,58,3.32219,Sogaard,6,3,0,8481544,1,0.88931,466,20222023,L,524,0,OTT,62850,8,20222023,0.941176,16,60,3.43675,1,8,0.470588,8,8,30.01432,2023,mads sogaard,79,231,Aalborg,DNK,2019.0,2.0,6.0,,,,
1,16,16,Pavel Francouz,0,42,2.61266,Francouz,7,1,0,8480925,1,0.9148,451,20222023,R,493,1,COL,57872,8,20222023,1.0,16,46,2.86148,0,9,0.5625,8,7,30.667681,2023,pavel francouz,72,179,Plzen,CZE,,,,Pavel Francouz,COL,G,2000000.0
0,18,14,Akira Schmid,0,32,2.13013,Schmid,5,2,0,8481033,0,0.92156,376,20222023,L,408,1,NJD,54081,9,20222023,0.928571,13,49,3.26177,1,8,0.571428,5,8,27.159261,2023,akira schmid,77,190,Bern,CHE,2018.0,5.0,12.0,,,,
1,21,19,Spencer Knight,0,62,3.18288,Knight,8,3,0,8481519,1,0.90111,565,20222023,L,627,1,FLA,70125,9,20222023,0.947368,18,66,3.38823,1,8,0.421052,10,9,32.188236,2023,spencer knight,75,191,Darien,USA,2019.0,1.0,13.0,,,,
0,21,18,David Rittich,0,50,2.67455,Rittich,8,1,2,8479496,0,0.90118,456,20222023,L,506,0,WPG,67301,9,20222023,1.0,18,50,2.67455,0,9,0.5,9,8,27.066462,2023,david rittich,75,200,Jihlava,CZE,,,,David Rittich,LAK,G,875000.0
0,21,18,Scott Wedgewood,0,51,2.71573,Wedgewood,8,3,0,8475809,0,0.91542,552,20222023,L,603,1,DAL,67606,9,20222023,0.944444,17,65,3.46123,1,12,0.666666,10,9,32.109576,2023,scott wedgewood,74,201,Brampton,CAN,2010.0,3.0,24.0,Scott Wedgewood,DAL,G,1000000.0
1,19,19,Eric Comrie,0,68,3.66911,Comrie,9,1,2,8477480,1,0.88552,526,20222023,L,594,1,BUF,66719,9,20222023,0.947368,18,71,3.83099,1,8,0.421052,9,9,32.050841,2023,eric comrie,73,190,Edmonton,CAN,2013.0,2.0,29.0,Eric Comrie,BUF,G,1800000.0
0,27,24,Alex Stalock,0,74,3.00948,Stalock,15,2,16,8471774,0,0.90796,730,20222023,L,804,2,CHI,88520,9,20222023,0.916666,22,66,2.68413,2,14,0.583333,16,9,32.697696,2023,alex stalock,71,170,Saint Paul,USA,2005.0,4.0,21.0,,,,
0,37,37,Kaapo Kahkonen,0,135,3.84569,Kahkonen,20,7,0,8478039,0,0.8825,1014,20222023,L,1149,1,SJS,126375,9,20222023,0.891891,33,105,2.99109,4,15,0.405405,25,9,32.731157,2023,kaapo kahkonen,74,217,Helsinki,FIN,2014.0,4.0,19.0,Kaapo Kahkonen,NJD,G,2750000.0
0,19,18,Kevin Lankinen,0,49,2.7498,Lankinen,8,1,2,8480947,0,0.91595,534,20222023,L,583,0,NSH,64150,9,20222023,0.944444,17,48,2.69368,1,12,0.666666,9,8,32.71707,2023,kevin lankinen,74,190,Helsinki,FIN,,,,Kevin Lankinen,NSH,G,2000000.0
0,15,14,Alex Lyon,0,43,2.88854,Lyon,4,2,0,8479312,0,0.91393,446,20222023,L,488,1,FLA,53591,9,20222023,1.0,14,56,3.76182,0,9,0.642857,6,9,32.781625,2023,alex lyon,73,199,Baudette,USA,,,,Alex Lyon,DET,G,900000.0
0,22,20,Mackenzie Blackwood,0,60,3.19843,Blackwood,6,2,2,8478406,0,0.89342,503,20222023,L,563,0,NJD,67533,10,20222023,0.8,16,62,3.30505,4,9,0.45,7,10,30.011995,2023,mackenzie blackwood,76,225,Thunder Bay,CAN,2015.0,2.0,12.0,MacKenzie Blackwood,SJS,G,2350000.0
1,20,18,Collin Delia,0,62,3.2756,Delia,6,2,0,8480420,1,0.88212,464,20222023,L,526,0,VAN,68140,10,20222023,0.944444,17,62,3.2756,1,8,0.444444,7,9,27.789845,2023,collin delia,74,208,Rancho Cucamonga,USA,,,,,,,
1,25,24,Jaroslav Halak,0,66,2.72364,Halak,9,5,0,8470860,1,0.90294,614,20222023,L,680,1,NYR,87236,10,20222023,1.0,24,70,2.88871,0,14,0.583333,14,10,28.061809,2023,jaroslav halak,71,189,Bratislava,SVK,2003.0,9.0,10.0,,,,
2,39,38,Petr Mrazek,0,132,3.65791,Mrazek,22,3,4,8475852,2,0.89423,1116,20222023,L,1248,0,CHI,129910,10,20222023,0.894736,34,81,2.24463,4,20,0.526315,25,8,34.583942,2023,petr mrazek,74,192,Ostrava,CZE,2010.0,5.0,21.0,Petr Mrazek,CHI,G,3800000.0
0,29,27,Spencer Martin,0,107,3.98712,Martin,15,1,0,8477484,0,0.87108,723,20222023,L,830,0,VAN,96611,11,20222023,0.925925,25,85,3.16734,2,9,0.333333,16,9,30.928156,2023,spencer martin,75,191,Oakville,CAN,2013.0,3.0,2.0,Spencer Martin,CAR,G,762500.0
0,23,22,Semyon Varlamov,0,60,2.69716,Varlamov,9,2,0,8473575,0,0.91291,629,20222023,L,689,2,NYI,80084,11,20222023,0.90909,20,59,2.65221,2,14,0.636363,10,11,30.972479,2023,semyon varlamov,74,201,Samara,RUS,2006.0,1.0,23.0,Semyon Varlamov,NYI,G,2750000.0
1,26,24,Craig Anderson,0,76,3.06033,Anderson,11,2,2,8467950,1,0.90765,747,20222023,L,823,1,BUF,89402,11,20222023,0.958333,23,77,3.1006,1,12,0.5,13,10,33.140199,2023,craig anderson,74,187,Park Ridge,USA,2001.0,3.0,10.0,,,,
0,28,25,Anton Forsberg,0,80,3.26149,Forsberg,11,2,2,8476341,0,0.90208,737,20222023,L,817,2,OTT,88303,11,20222023,0.84,21,80,3.26149,4,13,0.52,13,11,33.308041,2023,anton forsberg,75,200,Härnösand,SWE,2011.0,7.0,7.0,Anton Forsberg,OTT,G,2750000.0
1,22,22,Brian Elliott,0,75,3.39691,Elliott,8,2,0,8470880,1,0.89114,614,20222023,L,689,2,TBL,79484,12,20222023,1.0,22,77,3.48749,0,9,0.40909,9,12,31.206281,2023,brian elliott,74,221,Newmarket,CAN,2003.0,9.0,30.0,,,,
0,24,23,Pyotr Kochetkov,0,57,2.43601,Kochetkov,7,5,0,8481611,0,0.90909,570,20222023,L,627,4,CAR,84236,12,20222023,1.0,23,58,2.47875,0,13,0.565217,11,12,26.796145,2023,pyotr kochetkov,75,196,Penza,RUS,2019.0,2.0,5.0,Pyotr Kochetkov,CAR,G,2000000.0
0,43,41,James Reimer,0,147,3.47517,Reimer,21,8,2,8473503,0,0.88988,1188,20222023,L,1335,3,SJS,152280,12,20222023,1.0,41,108,2.55319,0,20,0.487804,25,11,31.560283,2023,james reimer,74,200,Morweena,CAN,2006.0,4.0,6.0,James Reimer,DET,G,1500000.0
1,31,26,Charlie Lindgren,0,86,3.04952,Lindgren,11,3,0,8479292,1,0.89917,767,20222023,R,853,0,WSH,101524,13,20222023,0.961538,25,97,3.43958,1,15,0.576923,13,12,30.247035,2023,charlie lindgren,74,190,Lakeville,USA,,,,Charlie Lindgren,WAS,G,1100000.0
0,26,26,Matt Murray,0,74,3.01391,Murray,8,2,0,8476899,0,0.90275,687,20222023,L,761,1,TOR,88390,14,20222023,0.923076,24,87,3.54338,2,12,0.461538,10,13,30.994457,2023,matt murray,77,220,Thunder Bay,CAN,2012.0,3.0,22.0,,,,
1,32,32,Thatcher Demko,0,99,3.16206,Demko,14,4,4,8477967,1,0.90149,906,20222023,L,1005,1,VAN,112711,14,20222023,0.96875,31,96,3.06624,1,13,0.40625,17,12,32.099795,2023,thatcher demko,76,192,San Diego,USA,2014.0,2.0,6.0,Thatcher Demko,VAN,G,5000000.0
2,53,52,John Gibson,0,200,3.99345,Gibson,31,8,12,8476434,2,0.89914,1783,20222023,L,1983,1,ANA,180295,14,20222023,0.826923,43,116,2.3162,9,25,0.480769,36,13,39.595108,2023,john gibson,75,209,Pittsburgh,USA,2011.0,2.0,9.0,John Gibson,ANA,G,6400000.0
0,27,23,Dan Vladar,0,72,2.91121,Vladar,6,5,2,8478435,0,0.89505,597,20222023,L,667,0,CGY,89035,14,20222023,0.956521,22,93,3.76031,1,9,0.391304,10,14,26.969169,2023,dan vladar,77,209,Prague,CZE,2015.0,3.0,14.0,,,,
0,38,33,Casey DeSmith,0,109,3.16561,DeSmith,16,4,2,8479193,0,0.90455,1033,20222023,L,1142,0,PIT,123957,15,20222023,0.939393,31,110,3.19465,2,18,0.545454,19,15,33.166339,2023,casey desmith,72,188,Rochester,USA,,,,Casey DeSmith,VAN,G,1800000.0
1,42,41,Jake Allen,0,145,3.55041,Allen,24,3,2,8474596,1,0.89138,1190,20222023,L,1335,1,MTL,147025,15,20222023,0.975609,40,107,2.61996,1,20,0.487804,26,11,32.688318,2023,jake allen,74,197,Fredericton,CAN,2008.0,2.0,4.0,Jake Allen,NJD,G,3850000.0
0,40,39,Samuel Montembeault,0,133,3.41924,Montembeault,19,3,0,8478470,0,0.90111,1212,20222023,L,1345,0,MTL,140031,16,20222023,0.948717,37,110,2.82794,2,22,0.564102,21,15,34.578057,2023,samuel montembeault,75,218,Becancour,CAN,2015.0,3.0,16.0,Samuel Montembeault,MTL,G,1000000.0
0,41,36,Jonathan Quick,0,127,3.40977,Quick,15,6,4,8471734,0,0.8824,953,20222023,L,1080,2,"LAK,VGK",134085,16,20222023,0.916666,33,111,2.98019,3,12,0.333333,19,15,28.996532,2023,jonathan quick,73,219,Milford,USA,2005.0,3.0,11.0,Jonathan Quick,NYR,G,825000.0
1,27,25,Adin Hill,0,62,2.49513,Hill,7,1,2,8478499,1,0.91539,660,20222023,L,721,0,VGK,89454,16,20222023,0.96,24,78,3.13904,1,16,0.64,8,15,29.01603,2023,adin hill,76,222,Comox,CAN,2015.0,3.0,15.0,Adin Hill,VGK,G,4900000.0
1,39,36,Philipp Grubauer,0,98,2.8466,Grubauer,14,4,0,8475831,1,0.89462,832,20222023,L,930,0,SEA,123937,17,20222023,0.805555,29,108,3.13707,7,19,0.527777,16,17,27.013725,2023,philipp grubauer,73,188,Rosenheim,DEU,2010.0,4.0,22.0,,,,
1,33,32,Ukko-Pekka Luukkonen,0,115,3.61215,Luukkonen,11,4,2,8480045,1,0.89184,940,20222023,L,1054,0,BUF,114613,17,20222023,0.96875,31,119,3.73779,1,15,0.46875,13,17,33.106192,2023,ukkopekka luukkonen,77,223,Espoo,FIN,2017.0,2.0,23.0,Ukko-Pekka Luukkonen,BUF,G,837500.0
0,36,32,Cam Talbot,0,95,2.92758,Talbot,14,2,0,8475660,0,0.89839,840,20222023,L,935,1,OTT,116820,17,20222023,0.90625,29,96,2.95839,3,20,0.625,16,16,28.813559,2023,cam talbot,75,202,Caledonia,CAN,,,,,,,
0,39,37,Joonas Korpisalo,0,104,2.87299,Korpisalo,14,4,0,8476914,0,0.91459,1103,20222023,L,1206,1,"CBJ,LAK",130317,18,20222023,0.918918,34,104,2.87299,3,25,0.675675,17,17,33.315684,2023,joonas korpisalo,76,200,Pori,FIN,2012.0,3.0,1.0,Joonas Korpisalo,OTT,G,4000000.0
0,50,49,Karel Vejmelka,0,168,3.42759,Vejmelka,24,6,2,8478872,0,0.9,1503,20222023,R,1670,3,ARI,176450,18,20222023,0.979591,48,139,2.83593,1,24,0.489795,29,17,34.071975,2023,karel vejmelka,76,221,Trebic,CZE,2015.0,5.0,24.0,Karel Vejmelka,ARI,G,2725000.0
0,27,26,Antti Raanta,0,58,2.22903,Raanta,3,3,0,8477293,0,0.90993,586,20222023,L,644,4,CAR,93673,19,20222023,0.923076,24,92,3.5357,2,12,0.461538,5,18,24.749928,2023,antti raanta,72,195,Rauma,FIN,,,,,,,
1,34,33,Frederik Andersen,0,82,2.4794,Andersen,11,1,0,8475883,1,0.90341,767,20222023,L,849,1,CAR,119061,21,20222023,0.969696,32,105,3.17484,1,16,0.484848,11,18,25.670874,2023,frederik andersen,76,229,Herning,DNK,2012.0,3.0,26.0,Frederik Andersen,CAR,G,3400000.0
1,36,34,Jack Campbell,0,115,3.40508,Campbell,9,4,2,8475789,1,0.88802,912,20222023,L,1027,1,EDM,121583,21,20222023,0.911764,31,142,4.20453,3,14,0.411764,11,21,30.408857,2023,jack campbell,75,200,Port Huron,USA,2010.0,1.0,11.0,,,,
0,37,36,Logan Thompson,0,96,2.6527,Thompson,13,3,2,8480313,0,0.91519,1036,20222023,R,1132,2,VGK,130282,21,20222023,0.916666,33,106,2.92903,3,21,0.583333,15,18,31.279839,2023,logan thompson,76,207,Calgary,CAN,,,,Logan Thompson,VGK,G,766666.0
1,39,37,Filip Gustavsson,0,81,2.10304,Gustavsson,9,7,0,8479406,1,0.93094,1092,20222023,L,1173,3,MIN,138656,22,20222023,0.972972,36,106,2.75213,1,27,0.729729,12,18,30.455227,2023,filip gustavsson,74,184,Skelleftea,SWE,2016.0,2.0,25.0,Filip Gustavsson,MIN,G,3750000.0
0,57,56,Darcy Kuemper,0,154,2.86619,Kuemper,26,7,4,8475311,0,0.9086,1521,20222023,L,1674,5,WSH,193427,22,20222023,0.910714,51,148,2.75452,5,28,0.5,30,21,31.15594,2023,darcy kuemper,77,215,Saskatoon,CAN,2009.0,6.0,11.0,Darcy Kuemper,WAS,G,5250000.0
0,55,54,Carter Hart,0,155,2.93953,Hart,23,10,0,8479394,0,0.9069,1510,20222023,L,1665,2,PHI,189826,22,20222023,0.925925,50,133,2.5223,4,25,0.462962,32,20,31.576285,2023,carter hart,74,196,Sherwood Park,CAN,2016.0,2.0,18.0,,,,
2,59,58,Jacob Markstrom,0,166,2.9201,Markstrom,21,12,14,8474593,2,0.89234,1376,20222023,L,1542,1,CGY,204650,23,20222023,0.931034,54,161,2.83215,4,25,0.431034,29,21,27.125336,2023,jacob markstrom,78,207,Gavle,SWE,2008.0,2.0,1.0,Jacob Markstrom,CGY,G,6000000.0
0,50,49,Sergei Bobrovsky,0,145,3.06946,Bobrovsky,20,3,2,8475683,0,0.90109,1321,20222023,L,1466,1,FLA,170062,24,20222023,0.938775,46,158,3.34466,3,30,0.612244,23,22,31.033388,2023,sergei bobrovsky,74,180,Novokuznetsk,RUS,,,,Sergei Bobrovsky,FLA,G,10000000.0
1,37,35,Pheonix Copley,0,92,2.6418,Copley,6,3,19,8477831,1,0.90285,855,20222023,L,947,1,LAK,125369,24,20222023,0.914285,32,123,3.53197,3,21,0.6,8,20,27.193325,2023,pheonix copley,76,205,North Pole,USA,,,,Pheonix Copley,LAK,G,1500000.0
0,37,33,Jeremy Swayman,0,76,2.26529,Swayman,6,4,2,8480280,0,0.92025,877,20222023,L,953,4,BOS,120779,24,20222023,0.969696,32,136,4.05368,1,21,0.636363,8,23,28.4056,2023,jeremy swayman,75,195,Anchorage,USA,2017.0,4.0,18.0,Jeremy Swayman,BOS,G,3475000.0
2,47,47,Tristan Jarry,0,128,2.89807,Jarry,13,7,2,8477465,2,0.90947,1286,20222023,L,1414,2,PIT,159002,24,20222023,0.893617,42,140,3.16977,5,29,0.617021,20,23,32.014691,2023,tristan jarry,76,201,Surrey,CAN,2013.0,2.0,14.0,Tristan Jarry,PIT,G,5375000.0
1,46,45,Marc-Andre Fleury,0,126,2.84822,Fleury,16,4,2,8470594,1,0.90782,1241,20222023,L,1367,2,MIN,159257,24,20222023,0.955555,43,129,2.91604,2,26,0.577777,18,21,30.900996,2023,marcandre fleury,74,185,Sorel,CAN,2003.0,1.0,1.0,Marc-Andre Fleury,MIN,G,3500000.0
0,56,56,Ville Husso,0,167,3.11157,Husso,22,7,0,8478024,0,0.89582,1436,20222023,L,1603,4,DET,193214,26,20222023,0.910714,51,150,2.79482,5,26,0.464285,27,24,29.867401,2023,ville husso,75,205,Helsinki,FIN,2014.0,4.0,4.0,Ville Husso,DET,G,4750000.0
0,48,42,Martin Jones,0,131,2.99354,Jones,13,3,0,8474889,0,0.88733,1016,20222023,L,1145,3,SEA,157539,27,20222023,0.928571,39,165,3.77049,3,18,0.428571,15,27,26.164949,2023,martin jones,77,203,North Vancouver,CAN,,,,Martin Jones,TOR,G,875000.0
2,42,40,Ilya Samsonov,0,96,2.3267,Samsonov,10,5,0,8478492,2,0.91891,1088,20222023,L,1184,4,TOR,148536,27,20222023,0.95,38,138,3.34464,2,28,0.7,13,27,28.696073,2023,ilya samsonov,75,208,Magnitogorsk,RUS,2015.0,1.0,22.0,Ilya Samsonov,TOR,G,3550000.0
2,61,60,Jordan Binnington,0,194,3.31053,Binnington,27,6,29,8476412,2,0.89375,1632,20222023,L,1826,2,STL,210963,27,20222023,0.933333,56,188,3.20814,4,30,0.5,31,25,31.159966,2023,jordan binnington,74,172,Richmond Hill,CAN,2011.0,3.0,27.0,Jordan Binnington,STL,G,6000000.0
2,50,48,Stuart Skinner,0,133,2.7488,Skinner,14,5,0,8479973,2,0.91406,1404,20222023,L,1536,1,EDM,174185,29,20222023,0.958333,46,176,3.63751,2,28,0.583333,17,29,31.745558,2023,stuart skinner,76,215,Edmonton,CAN,2017.0,3.0,16.0,Stuart Skinner,EDM,G,2600000.0
1,62,60,Ilya Sorokin,0,140,2.34174,Sorokin,22,7,0,8478009,1,0.92437,1699,20222023,L,1838,6,NYI,215224,31,20222023,0.983333,59,177,2.96063,1,42,0.7,25,30,30.743783,2023,ilya sorokin,75,189,Mezhdurechensk,RUS,2014.0,3.0,18.0,Ilya Sorokin,NYI,G,4000000.0
1,64,63,Juuse Saros,0,171,2.69292,Saros,23,7,0,8477424,1,0.91853,1928,20222023,L,2099,2,NSH,228599,33,20222023,0.984126,62,163,2.56694,1,41,0.650793,28,28,33.055262,2023,juuse saros,71,180,Forssa,FIN,2013.0,4.0,8.0,Juuse Saros,NSH,G,5000000.0
3,52,48,Vitek Vanecek,0,119,2.44892,Vanecek,11,4,2,8477970,3,0.91072,1214,20222023,L,1333,3,NJD,174934,33,20222023,0.895833,43,171,3.51904,5,31,0.645833,14,32,27.43206,2023,vitek vanecek,74,184,Havlickuv Brod,CZE,2014.0,2.0,9.0,Vitek Vanecek,SJS,G,3400000.0
2,60,60,Andrei Vasilevskiy,0,159,2.65264,Vasilevskiy,22,4,0,8476883,2,0.9152,1716,20222023,L,1875,4,TBL,215785,34,20222023,1.0,60,195,3.25323,0,36,0.6,25,31,31.281136,2023,andrei vasilevskiy,76,223,Tyumen,RUS,2012.0,1.0,19.0,Andrei Vasilevskiy,TBL,G,9500000.0
1,62,61,Jake Oettinger,0,144,2.37044,Oettinger,11,11,2,8479979,1,0.91948,1633,20222023,L,1776,5,DAL,218693,37,20222023,0.950819,58,199,3.27582,3,39,0.639344,20,33,29.235503,2023,jake oettinger,78,225,Lakeville,USA,2017.0,1.0,26.0,Jake Oettinger,DAL,G,4000000.0
1,58,58,Igor Shesterkin,0,144,2.47651,Shesterkin,13,8,2,8478048,1,0.91623,1575,20222023,L,1719,3,NYR,209326,37,20222023,0.982758,57,196,3.37081,1,35,0.603448,18,33,29.563456,2023,igor shesterkin,73,199,Moscow,RUS,2014.0,4.0,28.0,Igor Shesterkin,NYR,G,5666667.0
0,64,64,Connor Hellebuyck,0,157,2.49338,Hellebuyck,25,2,0,8476945,0,0.92006,1807,20222023,L,1964,4,WPG,226680,37,20222023,0.953125,61,187,2.96982,3,43,0.671875,26,37,31.191106,2023,connor hellebuyck,76,207,Commerce,USA,2012.0,5.0,9.0,Connor Hellebuyck,WPG,G,6166666.0
1,62,62,Alexandar Georgiev,0,156,2.5295,Georgiev,16,6,0,8480382,1,0.91859,1749,20222023,L,1904,5,COL,222020,40,20222023,0.967741,60,203,3.29159,2,40,0.645161,19,35,30.872894,2023,alexandar georgiev,73,178,Ruse,BGR,,,,,,,
0,49,48,Linus Ullmark,1,91,1.89438,Ullmark,6,1,2,8476999,1,0.93754,1366,20222023,L,1457,2,BOS,172932,40,20222023,0.916666,44,157,3.26833,4,42,0.875,6,37,30.330997,2023,linus ullmark,76,223,Lugnvik,SWE,2012.0,6.0,12.0,Linus Ullmark,BOS,G,5000000.0
0,1,0,Yaniv Perets,0,0,0.0,Perets,0,0,0,8484293,0,1.0,1,20232024,L,1,0,CAR,766,0,20232024,,0,1,4.69973,0,0,,0,0,4.699756,2024,yaniv perets,73,181,Dollard-des-Ormeaux,CAN,,,,,,,
0,1,0,Kenneth Appleby,0,2,6.0,Appleby,0,0,0,8478965,0,0.75,6,20232024,L,8,0,NYI,1200,0,20232024,,0,0,0.0,0,0,,0,0,24.000024,2024,kenneth appleby,77,216,North Bay,CAN,,,,,,,
0,2,0,Georgi Romanov,0,1,1.01265,Romanov,0,0,0,8484312,0,0.96666,29,20232024,L,30,0,SJS,3555,0,20232024,,0,2,2.02531,0,0,,0,0,30.379746,2024,georgi romanov,77,207,Yekaterinburg,RUS,,,,Georgi Romanov,SJS,G,910000.0
0,1,1,Michael Hutchinson,0,3,3.11418,Hutchinson,1,0,0,8474636,0,0.91666,33,20232024,R,36,0,DET,3468,0,20232024,1.0,1,2,2.07612,0,1,1.0,1,0,37.370255,2024,michael hutchinson,75,201,Barrie,CAN,2008.0,3.0,16.0,,,,
0,2,1,Matt Villalta,0,5,4.16859,Villalta,1,0,0,8480191,0,0.82758,24,20232024,L,29,0,ARI,4318,0,20232024,1.0,1,3,2.50115,0,0,0.0,1,0,24.177869,2024,matt villalta,75,190,Kingston,CAN,2017.0,3.0,10.0,,,,
0,1,1,Malcolm Subban,0,3,3.0,Subban,1,0,0,8476876,0,0.91428,32,20232024,L,35,0,CBJ,3600,0,20232024,1.0,1,0,0.0,0,1,1.0,1,0,35.0,2024,malcolm subban,74,215,Toronto,CAN,2012.0,1.0,24.0,,,,
0,3,1,Ivan Fedotov,0,10,4.95253,Fedotov,1,1,0,8478905,0,0.81132,43,20232024,L,53,0,PHI,7269,0,20232024,1.0,1,6,2.97152,0,0,0.0,2,0,26.24846,2024,ivan fedotov,79,209,Lappeenranta,FIN,2015.0,7.0,7.0,Ivan Fedotov,PHI,G,3275000.0
0,1,1,Matt Murray,0,0,0.0,Murray,0,0,0,8483575,0,1.0,23,20232024,L,23,1,DAL,3600,1,20232024,1.0,1,4,4.0,0,1,1.0,0,1,23.0,2024,matt murray,73,196,St. Albert,CAN,,,,,,,
0,1,1,Louis Domingue,0,1,1.0,Domingue,0,0,0,8475839,0,0.96153,25,20232024,R,26,0,NYR,3600,1,20232024,1.0,1,4,4.0,0,1,1.0,0,1,26.0,2024,louis domingue,75,207,St-Hyacinthe,CAN,2010.0,5.0,18.0,,,,
0,6,5,Jiri Patera,0,21,3.97769,Patera,3,1,0,8480238,0,0.89285,175,20232024,L,196,0,VGK,19006,1,20232024,1.0,5,16,3.03062,0,2,0.4,4,0,37.125121,2024,jiri patera,75,212,Praha,CZE,2017.0,6.0,6.0,,,,
0,2,2,Chris Driedger,0,5,2.50871,Driedger,1,0,0,8476904,0,0.91666,55,20232024,L,60,0,SEA,7175,1,20232024,1.0,2,4,2.00696,0,1,0.5,1,1,30.104538,2024,chris driedger,76,210,Winnipeg,CAN,2012.0,3.0,15.0,Chris Driedger,WPG,G,795000.0
0,9,8,Magnus Chrona,0,37,4.71087,Chrona,6,1,0,8480992,0,0.85877,225,20232024,L,262,0,SJS,28275,1,20232024,0.875,7,16,2.03713,1,3,0.375,6,1,33.358093,2024,magnus chrona,78,225,Stockholm,SWE,2018.0,5.0,28.0,,,,
0,3,1,Magnus Hellberg,0,5,2.50243,Hellberg,0,0,0,8476433,0,0.92187,59,20232024,L,64,0,PIT,7193,1,20232024,1.0,1,7,3.5034,0,1,1.0,0,1,32.03115,2024,magnus hellberg,78,206,Uppsala,SWE,2011.0,2.0,8.0,,,,
0,2,1,Yaroslav Askarov,0,2,1.46938,Askarov,0,0,0,8482137,0,0.94285,33,20232024,R,35,0,NSH,4900,1,20232024,1.0,1,2,1.46938,0,1,1.0,0,0,25.714287,2024,yaroslav askarov,75,180,Omsk,RUS,2020.0,1.0,11.0,Yaroslav Askarov,SJS,G,925000.0
0,5,5,Jack Campbell,0,20,4.49803,Campbell,4,0,0,8475789,0,0.87261,137,20232024,L,157,0,EDM,16007,1,20232024,0.8,4,13,2.92372,1,1,0.2,4,1,35.309559,2024,jack campbell,75,200,Port Huron,USA,2010.0,1.0,11.0,,,,
0,5,3,Felix Sandstrom,0,17,3.87121,Sandstrom,2,0,0,8478433,0,0.82291,79,20232024,L,96,0,PHI,15809,1,20232024,1.0,3,10,2.27718,0,1,0.333333,2,1,21.860969,2024,felix sandstrom,74,211,Gavle,SWE,2015.0,3.0,9.0,,,,
0,6,5,Mads Sogaard,0,19,4.04877,Sogaard,3,0,0,8481544,0,0.85925,116,20232024,L,135,0,OTT,16894,1,20232024,0.8,4,10,2.13093,1,1,0.2,3,1,28.767614,2024,mads sogaard,79,231,Aalborg,DNK,2019.0,2.0,6.0,,,,
0,4,4,Hunter Shepard,0,13,3.18584,Shepard,1,1,0,8482411,0,0.8943,110,20232024,L,123,0,WSH,14690,2,20232024,1.0,4,15,3.67597,0,2,0.5,1,2,30.142958,2024,hunter shepard,71,225,Cohasset,USA,,,,,,,
0,10,10,Eric Comrie,0,32,3.69301,Comrie,7,0,0,8477480,0,0.87401,222,20232024,L,254,0,BUF,31194,2,20232024,0.8,8,19,2.19272,2,2,0.2,7,2,29.313329,2024,eric comrie,73,190,Edmonton,CAN,2013.0,2.0,29.0,Eric Comrie,WPG,G,825000.0
0,6,6,Devin Cooley,0,25,4.97539,Cooley,3,1,0,8482445,0,0.86979,167,20232024,L,192,0,SJS,18089,2,20232024,0.666666,4,13,2.5872,2,2,0.333333,4,2,38.211069,2024,devin cooley,77,192,Los Gatos,USA,,,,,,,
0,3,3,Jesper Wallstedt,0,9,3.01199,Wallstedt,1,0,0,8482661,0,0.89655,78,20232024,L,87,1,MIN,10757,2,20232024,1.0,3,12,4.01598,0,2,0.666666,1,2,29.115929,2024,jesper wallstedt,75,214,Vasteras,SWE,2021.0,1.0,20.0,Jesper Wallstedt,MIN,G,925000.0
0,5,4,Calvin Petersen,0,18,3.90009,Petersen,2,0,0,8477361,0,0.86363,114,20232024,R,132,0,PHI,16615,2,20232024,1.0,4,14,3.0334,0,1,0.25,2,2,28.600666,2024,calvin petersen,74,185,Waterloo,USA,2013.0,5.0,8.0,,,,
0,4,4,Arturs Silovs,0,10,2.46693,Silovs,0,1,0,8481668,0,0.88095,74,20232024,L,84,0,VAN,14593,3,20232024,1.0,4,12,2.96032,0,2,0.5,1,3,20.722264,2024,arturs silovs,76,208,Riga,LVA,2019.0,6.0,1.0,,,,
0,6,6,Matt Tomkins,0,20,3.33132,Tomkins,2,1,0,8477035,0,0.89189,165,20232024,L,185,0,TBL,21613,3,20232024,1.0,6,24,3.99759,0,1,0.166666,2,3,30.814787,2024,matt tomkins,76,191,Edmonton,CAN,2012.0,7.0,18.0,,,,
0,9,8,Jet Greaves,0,30,3.48927,Greaves,6,0,0,8482982,0,0.90825,297,20232024,L,327,0,CBJ,30952,3,20232024,1.0,8,27,3.14034,0,5,0.625,6,3,38.033086,2024,jet greaves,72,188,Cambridge,CAN,,,,,,,
0,8,8,Pheonix Copley,0,23,3.16308,Copley,1,2,0,8477831,0,0.87005,154,20232024,L,177,1,LAK,26177,4,20232024,0.875,7,27,3.71318,1,2,0.25,2,4,24.341982,2024,pheonix copley,76,205,North Pole,USA,,,,,,,
0,11,8,Ivan Prosvetov,0,26,3.15672,Prosvetov,3,1,0,8481031,0,0.89516,222,20232024,L,248,0,COL,29651,4,20232024,0.875,7,29,3.52096,1,4,0.5,3,4,30.110286,2024,ivan prosvetov,77,195,Moscow,RUS,2018.0,4.0,21.0,,,,
0,32,29,Arvid Soderblom,0,114,3.92126,Soderblom,22,2,0,8482821,0,0.88004,829,20232024,L,942,0,CHI,104660,5,20232024,0.896551,26,68,2.339,3,10,0.344827,23,5,32.402064,2024,arvid soderblom,75,180,Göteborg,SWE,,,,Arvid Söderblom,CHI,G,962500.0
2,19,15,Akira Schmid,0,48,3.15046,Schmid,9,1,2,8481033,2,0.89496,409,20232024,L,457,0,NJD,54849,5,20232024,0.866666,13,39,2.55975,2,5,0.333333,9,5,29.995078,2024,akira schmid,77,190,Bern,CHE,2018.0,5.0,12.0,Akira Schmid,VGK,G,875000.0
0,19,16,Spencer Martin,0,59,3.30157,Martin,9,2,0,8477484,0,0.8893,474,20232024,L,533,0,"CBJ,CAR",64333,7,20232024,1.0,16,52,2.90985,0,7,0.4375,10,7,29.826062,2024,spencer martin,75,191,Oakville,CAN,2013.0,3.0,2.0,,,,
0,17,15,Dustin Wolf,0,50,3.15623,Wolf,7,1,0,8481692,0,0.89293,417,20232024,L,467,0,CGY,57030,7,20232024,1.0,15,51,3.21935,0,7,0.466666,8,7,29.479222,2024,dustin wolf,72,166,Gilroy,USA,2019.0,7.0,28.0,Dustin Wolf,CGY,G,850000.0
1,37,33,Kaapo Kahkonen,0,116,3.63595,Kahkonen,24,3,4,8478039,1,0.89815,1023,20232024,L,1139,1,"SJS,NJD",114853,7,20232024,0.848484,28,68,2.13142,5,18,0.545454,26,6,35.701287,2024,kaapo kahkonen,74,217,Helsinki,FIN,2014.0,4.0,19.0,Kaapo Kahkonen,FLA,G,1000000.0
2,23,21,Cayden Primeau,0,66,2.98905,Primeau,9,4,2,8480051,2,0.90971,665,20232024,L,731,2,MTL,79490,8,20232024,1.0,21,64,2.89847,0,11,0.523809,9,6,33.106051,2024,cayden primeau,75,205,Farmington Hills,USA,2017.0,7.0,13.0,,,,
0,20,19,Dan Vladar,0,68,3.61536,Vladar,9,2,0,8478435,0,0.88153,506,20232024,L,574,0,CGY,67711,8,20232024,0.894736,17,60,3.19002,2,8,0.421052,9,8,30.517936,2024,dan vladar,77,209,Prague,CZE,2015.0,3.0,14.0,,,,
0,24,23,Daniil Tarasov,0,73,3.18206,Tarasov,11,3,0,8480193,0,0.90829,723,20232024,L,796,0,CBJ,82588,8,20232024,0.913043,21,71,3.09488,2,13,0.565217,14,7,34.697534,2024,daniil tarasov,77,203,Novokuznetsk,RUS,2017.0,3.0,24.0,Daniil Tarasov,FLA,G,1050000.0
0,14,12,Justus Annunen,0,30,2.24695,Annunen,4,1,0,8481020,0,0.92753,384,20232024,L,414,2,COL,48065,8,20232024,1.0,12,51,3.81982,0,8,0.666666,5,8,31.008012,2024,justus annunen,76,210,Kempele,FIN,2018.0,3.0,2.0,Justus Annunen,NSH,G,837500.0
1,21,20,Nico Daws,0,60,3.14671,Daws,11,0,0,8482076,1,0.89436,508,20232024,L,568,0,NJD,68643,9,20232024,0.85,17,61,3.19916,3,10,0.5,11,9,29.788907,2024,nico daws,76,205,Munich,DEU,2020.0,3.0,22.0,Nico Daws,NJD,G,812500.0
1,19,18,Ville Husso,0,60,3.55409,Husso,5,2,0,8478024,1,0.89208,496,20232024,L,556,0,DET,60775,9,20232024,0.888888,16,64,3.79103,2,6,0.333333,7,9,32.934595,2024,ville husso,75,205,Helsinki,FIN,2014.0,4.0,4.0,Ville Husso,ANA,G,4750000.0
0,44,41,Mackenzie Blackwood,0,140,3.44667,Blackwood,25,4,2,8478406,0,0.89877,1243,20232024,L,1383,2,SJS,146228,10,20232024,0.902439,37,82,2.01876,4,24,0.585365,26,10,34.048199,2024,mackenzie blackwood,76,225,Thunder Bay,CAN,2015.0,2.0,12.0,MacKenzie Blackwood,COL,G,2350000.0
0,23,21,Devon Levi,0,67,3.10448,Levi,8,2,0,8482221,0,0.89939,599,20232024,L,666,0,BUF,77694,10,20232024,0.904761,19,72,3.33616,2,10,0.47619,9,10,30.859526,2024,devon levi,72,192,Dollard-des-Ormeaux,CAN,2020.0,7.0,26.0,,,,
0,25,20,James Reimer,0,70,3.10559,Reimer,8,2,4,8473503,0,0.90371,657,20232024,L,727,2,DET,81144,11,20232024,1.0,20,72,3.19432,0,9,0.45,10,9,32.253771,2024,james reimer,74,200,Morweena,CAN,2006.0,4.0,6.0,James Reimer,BUF,G,1000000.0
0,22,19,Martin Jones,0,56,2.87261,Jones,8,1,0,8474889,0,0.90243,518,20232024,L,574,2,TOR,70180,11,20232024,1.0,19,77,3.94984,0,10,0.526315,9,11,29.444286,2024,martin jones,77,203,North Vancouver,CAN,,,,,,,
1,24,17,Kevin Lankinen,0,56,2.82017,Lankinen,6,0,0,8480947,1,0.90819,554,20232024,L,610,1,NSH,71485,11,20232024,1.0,17,69,3.47485,0,9,0.529411,6,11,30.719732,2024,kevin lankinen,74,190,Helsinki,FIN,,,,Kevin Lankinen,VAN,G,875000.0
1,34,33,Jake Allen,0,114,3.44257,Allen,18,4,2,8474596,1,0.89512,973,20232024,L,1087,0,"MTL,NJD",119213,12,20232024,0.969696,32,91,2.74802,1,15,0.454545,20,11,32.825279,2024,jake allen,74,197,Fredericton,CAN,2008.0,2.0,4.0,Jake Allen,NJD,G,3850000.0
0,26,24,Jonas Johansson,0,83,3.37059,Johansson,7,5,0,8477992,0,0.88962,669,20232024,L,752,2,TBL,88649,12,20232024,1.0,24,77,3.12693,0,11,0.458333,12,12,30.538415,2024,jonas johansson,77,220,Gavle,SWE,2014.0,3.0,1.0,Jonas Johansson,TBL,G,775000.0
0,25,23,Joseph Woll,0,72,2.93548,Woll,11,1,0,8479361,0,0.90673,700,20232024,L,772,0,TOR,88299,12,20232024,0.956521,22,74,3.01702,1,11,0.47826,12,9,31.474875,2024,joseph woll,75,212,Dardenne Prairie,USA,2016.0,3.0,1.0,Joseph Woll,TOR,G,766666.0
0,23,20,Calvin Pickard,0,53,2.45304,Pickard,7,1,2,8475717,0,0.90877,528,20232024,L,581,1,EDM,77781,12,20232024,0.95,19,75,3.47128,1,9,0.45,8,12,26.890886,2024,calvin pickard,73,206,Moncton,CAN,2010.0,2.0,19.0,Calvin Pickard,EDM,G,1000000.0
1,29,27,Casey DeSmith,0,80,2.88551,DeSmith,9,6,0,8479193,1,0.89591,680,20232024,L,759,1,VAN,99809,12,20232024,1.0,27,84,3.02978,0,14,0.518518,13,12,27.376288,2024,casey desmith,72,188,Rochester,USA,,,,Casey DeSmith,DAL,G,1000000.0
1,26,25,Carter Hart,0,68,2.80377,Hart,9,3,0,8479394,1,0.90646,659,20232024,L,727,1,PHI,87311,12,20232024,0.92,23,70,2.88623,2,14,0.56,11,12,29.975605,2024,carter hart,74,196,Sherwood Park,CAN,2016.0,2.0,18.0,,,,
0,24,20,Antti Raanta,0,63,2.9877,Raanta,7,2,0,8477293,0,0.87221,430,20232024,L,493,1,CAR,75911,12,20232024,0.85,17,67,3.1774,3,8,0.4,8,12,23.380011,2024,antti raanta,72,195,Rauma,FIN,,,,,,,
2,38,33,Karel Vejmelka,0,114,3.35272,Vejmelka,19,2,2,8478872,2,0.89715,977,20232024,R,1089,1,ARI,122408,13,20232024,0.90909,30,99,2.91157,3,14,0.424242,21,12,32.027318,2024,karel vejmelka,76,221,Trebic,CZE,2015.0,5.0,24.0,Karel Vejmelka,UTA,G,2725000.0
0,41,40,Elvis Merzlikins,0,130,3.45336,Merzlikins,17,8,4,8478007,0,0.89731,1136,20232024,L,1266,1,CBJ,135520,13,20232024,0.9,36,100,2.65643,4,19,0.475,23,11,33.63046,2024,elvis merzlikins,75,190,Riga,LVA,2014.0,3.0,16.0,Elvis Merzlikins,CBJ,G,5400000.0
0,46,44,John Gibson,0,151,3.53701,Gibson,27,2,12,8476434,0,0.88756,1192,20232024,L,1343,0,ANA,153689,13,20232024,0.863636,38,99,2.31896,6,21,0.477272,28,12,31.458335,2024,john gibson,75,209,Pittsburgh,USA,2011.0,2.0,9.0,John Gibson,ANA,G,6400000.0
1,16,16,Frederik Andersen,0,28,1.84032,Andersen,2,0,0,8475883,1,0.9317,382,20232024,L,410,3,CAR,54773,13,20232024,0.9375,15,58,3.81209,1,11,0.6875,2,12,26.947584,2024,frederik andersen,76,229,Herning,DNK,2012.0,3.0,26.0,Frederik Andersen,CAR,G,3400000.0
1,33,30,Darcy Kuemper,0,103,3.31095,Kuemper,14,3,0,8475311,1,0.89042,837,20232024,L,940,1,WSH,111992,13,20232024,0.933333,28,71,2.2823,2,14,0.466666,17,10,30.216444,2024,darcy kuemper,77,215,Saskatoon,CAN,2009.0,6.0,11.0,Darcy Kuemper,LAK,G,5250000.0
0,24,22,David Rittich,0,49,2.1546,Rittich,6,3,0,8479496,0,0.92109,572,20232024,L,621,3,LAK,81871,13,20232024,0.954545,21,64,2.81418,1,13,0.590909,7,12,27.306372,2024,david rittich,75,200,Jihlava,CZE,,,,David Rittich,LAK,G,1000000.0
0,44,38,Lukas Dostal,0,129,3.33216,Dostal,23,3,8,8480843,0,0.90152,1181,20232024,L,1310,1,ANA,139369,14,20232024,0.947368,36,97,2.50557,2,17,0.447368,25,14,33.838228,2024,lukas dostal,74,190,Brno,CZE,2018.0,3.0,23.0,Lukas Dostal,ANA,G,812500.0
1,36,34,Philipp Grubauer,0,95,2.85485,Grubauer,16,2,4,8475831,1,0.89904,846,20232024,L,941,2,SEA,119796,14,20232024,0.882352,30,82,2.46418,4,15,0.441176,17,11,28.278073,2024,philipp grubauer,73,188,Rosenheim,DEU,2010.0,4.0,22.0,,,,
0,28,27,Semyon Varlamov,0,69,2.59604,Varlamov,8,4,0,8473575,0,0.91756,768,20232024,L,837,3,NYI,95684,14,20232024,0.962962,26,79,2.97228,1,18,0.666666,11,14,31.491159,2024,semyon varlamov,74,201,Samara,RUS,2006.0,1.0,23.0,Semyon Varlamov,NYI,G,2750000.0
1,30,28,Anton Forsberg,0,84,3.2107,Forsberg,12,0,2,8476341,1,0.89019,681,20232024,L,765,2,OTT,94185,15,20232024,0.821428,23,82,3.13425,5,14,0.5,12,11,29.240324,2024,anton forsberg,75,200,Härnösand,SWE,2011.0,7.0,7.0,Anton Forsberg,OTT,G,2750000.0
0,23,22,Laurent Brossoit,0,45,1.99847,Brossoit,5,2,2,8476316,0,0.92741,575,20232024,L,620,3,WPG,81062,15,20232024,1.0,22,73,3.24196,0,13,0.590909,6,15,27.53448,2024,laurent brossoit,75,203,Port Alberni,CAN,2011.0,6.0,13.0,Laurent Brossoit,CHI,G,3300000.0
1,30,27,Joel Hofer,0,72,2.6525,Hofer,12,1,4,8480981,1,0.91445,759,20232024,L,830,1,STL,97719,15,20232024,0.925925,25,74,2.72618,2,15,0.555555,13,15,30.577472,2024,joel hofer,77,193,Winnipeg,CAN,2018.0,4.0,14.0,Joel Hofer,STL,G,775000.0
0,32,28,Scott Wedgewood,0,85,2.85054,Wedgewood,7,5,0,8475809,0,0.89928,759,20232024,L,844,0,DAL,107348,16,20232024,0.964285,27,104,3.48772,1,13,0.464285,12,15,28.304207,2024,scott wedgewood,74,201,Brampton,CAN,2010.0,3.0,24.0,Scott Wedgewood,COL,G,1500000.0
2,41,40,Samuel Montembeault,0,127,3.13739,Montembeault,15,9,0,8478470,2,0.90283,1180,20232024,L,1307,0,MTL,145726,16,20232024,0.95,38,115,2.84094,2,28,0.7,21,15,32.287992,2024,samuel montembeault,75,218,Becancour,CAN,2015.0,3.0,16.0,Samuel Montembeault,MTL,G,3150000.0
2,27,24,Anthony Stolarz,0,51,2.03126,Stolarz,7,2,2,8476932,2,0.92543,633,20232024,L,684,2,FLA,90387,16,20232024,1.0,24,83,3.30578,0,16,0.666666,8,15,27.242855,2024,anthony stolarz,78,248,Edison,USA,2012.0,2.0,15.0,Anthony Stolarz,TOR,G,2500000.0
1,32,29,Vitek Vanecek,0,95,3.18112,Vanecek,9,3,0,8477970,1,0.88979,767,20232024,L,862,0,NJD,107509,17,20232024,0.931034,27,105,3.51598,2,12,0.413793,12,17,28.86456,2024,vitek vanecek,74,184,Havlickuv Brod,CZE,2014.0,2.0,9.0,Vitek Vanecek,FLA,G,3400000.0
1,40,36,Marc-Andre Fleury,0,111,2.98297,Fleury,15,5,4,8470594,1,0.89488,945,20232024,L,1056,2,MIN,133960,17,20232024,0.944444,34,112,3.00985,2,18,0.5,18,16,28.37862,2024,marcandre fleury,74,185,Sorel,CAN,2003.0,1.0,1.0,Marc-Andre Fleury,MIN,G,2500000.0
0,56,53,Petr Mrazek,0,160,3.04504,Mrazek,31,4,14,8475852,0,0.90777,1565,20232024,L,1724,1,CHI,189160,18,20232024,0.943396,50,105,1.9983,3,30,0.566037,35,17,32.810319,2024,petr mrazek,74,192,Ostrava,CZE,2010.0,5.0,21.0,Petr Mrazek,DET,G,4250000.0
0,38,33,Alex Nedeljkovic,0,102,2.9702,Nedeljkovic,7,7,0,8477968,0,0.90182,937,20232024,L,1039,1,PIT,123628,18,20232024,0.90909,30,113,3.29051,3,15,0.454545,12,16,30.255282,2024,alex nedeljkovic,72,205,Parma,USA,2014.0,2.0,7.0,Alex Nedeljkovic,PIT,G,2500000.0
1,27,26,Jonathan Quick,0,69,2.61572,Quick,6,2,8,8471734,1,0.9105,702,20232024,L,771,2,NYR,94964,18,20232024,1.0,26,99,3.753,0,13,0.5,6,17,29.227918,2024,jonathan quick,73,219,Milford,USA,2005.0,3.0,11.0,Jonathan Quick,NYR,G,1275000.0
0,50,46,Joey Daccord,0,116,2.45694,Daccord,18,11,0,8478916,0,0.91557,1258,20232024,L,1374,3,SEA,169967,19,20232024,0.956521,44,124,2.62639,2,30,0.652173,26,19,29.10212,2024,joey daccord,74,201,Boston,USA,2015.0,7.0,18.0,Joey Daccord,SEA,G,1200000.0
1,35,35,Adin Hill,0,89,2.71228,Hill,12,2,0,8478499,1,0.90909,890,20232024,L,979,2,VGK,118129,19,20232024,0.885714,31,102,3.10846,4,19,0.542857,14,17,29.83518,2024,adin hill,76,222,Comox,CAN,2015.0,3.0,15.0,Adin Hill,VGK,G,4900000.0
0,51,48,Tristan Jarry,1,133,2.91173,Jarry,25,5,4,8477465,1,0.90284,1236,20232024,L,1369,6,PIT,164438,19,20232024,0.854166,41,127,2.78037,7,29,0.604166,29,19,29.971174,2024,tristan jarry,76,201,Surrey,CAN,2013.0,2.0,14.0,Tristan Jarry,PIT,G,5375000.0
1,45,43,Filip Gustavsson,0,129,3.06346,Gustavsson,18,4,0,8479406,1,0.89945,1154,20232024,L,1283,3,MIN,151593,20,20232024,0.906976,39,119,2.82598,4,18,0.418604,21,18,30.468425,2024,filip gustavsson,74,184,Skelleftea,SWE,2016.0,2.0,25.0,Filip Gustavsson,MIN,G,3750000.0
1,44,43,Alex Lyon,0,127,3.0494,Lyon,18,5,2,8479312,1,0.90415,1198,20232024,L,1325,2,DET,149931,21,20232024,0.88372,38,127,3.0494,5,22,0.511627,22,20,31.814634,2024,alex lyon,73,199,Baudette,USA,,,,Alex Lyon,DET,G,900000.0
1,55,49,Joonas Korpisalo,0,168,3.27223,Korpisalo,26,4,0,8476914,1,0.88961,1354,20232024,L,1522,0,OTT,184828,21,20232024,0.938775,46,153,2.98006,3,22,0.448979,30,20,29.644859,2024,joonas korpisalo,76,200,Pori,FIN,2012.0,3.0,1.0,Joonas Korpisalo,BOS,G,4000000.0
1,40,39,Linus Ullmark,0,103,2.57485,Ullmark,10,7,2,8476999,1,0.91549,1105,20232024,L,1207,2,BOS,144008,22,20232024,0.974358,38,137,3.4248,1,25,0.641025,15,21,30.173323,2024,linus ullmark,76,223,Lugnvik,SWE,2012.0,6.0,12.0,Linus Ullmark,OTT,G,5000000.0
5,48,48,Jacob Markstrom,0,131,2.77628,Markstrom,23,2,0,8474593,5,0.905,1248,20232024,L,1379,2,CGY,169867,23,20232024,0.979166,47,140,2.96702,1,24,0.5,23,23,29.225217,2024,jacob markstrom,78,207,Gavle,SWE,2008.0,2.0,1.0,Jacob Markstrom,NJD,G,4125000.0
0,51,49,Samuel Ersson,0,132,2.81904,Ersson,19,7,4,8481035,0,0.89036,1072,20232024,L,1204,4,PHI,168568,23,20232024,0.877551,43,121,2.58412,6,24,0.489795,24,19,25.713065,2024,samuel ersson,75,194,Falun,SWE,2018.0,5.0,19.0,Samuel Ersson,PHI,G,1450000.0
1,40,40,Ilya Samsonov,0,120,3.12911,Samsonov,7,8,0,8478492,1,0.8896,967,20232024,L,1087,3,TOR,138058,23,20232024,0.9,36,136,3.54633,4,19,0.475,13,21,28.344609,2024,ilya samsonov,75,208,Magnitogorsk,RUS,2015.0,1.0,22.0,Ilya Samsonov,VGK,G,1800000.0
3,50,48,Connor Ingram,0,136,2.91123,Ingram,21,3,0,8478971,3,0.90691,1325,20232024,L,1461,6,ARI,168176,23,20232024,0.895833,43,149,3.18951,5,27,0.5625,24,22,31.274379,2024,connor ingram,73,218,Saskatoon,CAN,2016.0,3.0,27.0,Connor Ingram,UTA,G,1950000.0
0,42,40,Pyotr Kochetkov,0,92,2.32765,Kochetkov,13,4,8,8481611,0,0.91076,939,20232024,L,1031,4,CAR,142289,23,20232024,0.925,37,124,3.13727,3,21,0.525,14,22,26.084939,2024,pyotr kochetkov,75,196,Penza,RUS,2019.0,2.0,5.0,Pyotr Kochetkov,CAR,G,2000000.0
3,46,42,Logan Thompson,0,119,2.69895,Thompson,14,5,0,8480313,3,0.90832,1179,20232024,R,1298,1,VGK,158728,25,20232024,0.97619,41,142,3.2206,1,25,0.595238,17,24,29.43904,2024,logan thompson,76,207,Calgary,CAN,,,,Logan Thompson,WAS,G,766666.0
1,44,43,Jeremy Swayman,0,108,2.52547,Swayman,10,8,0,8480280,1,0.91608,1179,20232024,L,1287,3,BOS,153951,25,20232024,0.976744,42,123,2.87623,1,25,0.581395,17,22,30.09529,2024,jeremy swayman,75,195,Anchorage,USA,2017.0,4.0,18.0,Jeremy Swayman,BOS,G,8250000.0
2,56,55,Ilya Sorokin,0,167,3.01264,Sorokin,19,12,0,8478009,2,0.90884,1655,20232024,L,1821,2,NYI,199559,25,20232024,0.963636,53,159,2.86832,2,34,0.618181,27,24,32.850435,2024,ilya sorokin,75,189,Mezhdurechensk,RUS,2014.0,3.0,18.0,Ilya Sorokin,NYI,G,8250000.0
0,50,48,Charlie Lindgren,0,127,2.67145,Lindgren,16,7,0,8479292,0,0.91125,1304,20232024,R,1431,6,WSH,171143,25,20232024,0.9375,45,124,2.60834,3,28,0.583333,19,24,30.101143,2024,charlie lindgren,74,190,Lakeville,USA,,,,Charlie Lindgren,WAS,G,1100000.0
3,54,52,Cam Talbot,0,130,2.50311,Talbot,20,6,4,8475660,3,0.91342,1361,20232024,L,1490,3,LAK,186967,27,20232024,0.961538,50,154,2.96522,2,32,0.615384,24,26,28.689555,2024,cam talbot,75,202,Caledonia,CAN,,,,,,,
1,54,51,Ukko-Pekka Luukkonen,0,132,2.57039,Luukkonen,22,4,8,8480045,1,0.9102,1338,20232024,L,1470,5,BUF,184874,27,20232024,0.980392,50,148,2.88196,1,33,0.647058,26,25,28.624901,2024,ukkopekka luukkonen,77,223,Espoo,FIN,2017.0,2.0,23.0,Ukko-Pekka Luukkonen,BUF,G,4750000.0
3,57,55,Jordan Binnington,0,156,2.8437,Binnington,21,5,8,8476412,3,0.91265,1630,20232024,L,1786,3,STL,197489,28,20232024,0.945454,52,154,2.80724,3,33,0.6,24,23,32.55675,2024,jordan binnington,74,172,Richmond Hill,CAN,2011.0,3.0,27.0,Jordan Binnington,STL,G,6000000.0
2,52,52,Andrei Vasilevskiy,0,148,2.89924,Vasilevskiy,20,2,2,8476883,2,0.89979,1329,20232024,L,1477,2,TBL,183772,30,20232024,0.961538,50,179,3.50651,2,27,0.51923,22,27,28.933679,2024,andrei vasilevskiy,76,223,Tyumen,RUS,2012.0,1.0,19.0,Andrei Vasilevskiy,TBL,G,9500000.0
1,51,51,Thatcher Demko,0,123,2.44704,Demko,14,2,0,8477967,1,0.91756,1369,20232024,L,1492,5,VAN,180953,35,20232024,0.960784,49,176,3.50146,2,32,0.62745,16,35,29.682845,2024,thatcher demko,76,192,San Diego,USA,2014.0,2.0,6.0,Thatcher Demko,VAN,G,5000000.0
2,64,64,Juuse Saros,0,173,2.86373,Saros,24,5,2,8477424,2,0.90623,1672,20232024,L,1845,3,NSH,217478,35,20232024,0.875,56,187,3.09548,8,34,0.53125,29,33,30.54102,2024,juuse saros,71,180,Forssa,FIN,2013.0,4.0,8.0,Juuse Saros,NSH,G,5000000.0
0,54,53,Jake Oettinger,0,140,2.72322,Oettinger,14,4,2,8479979,0,0.90514,1336,20232024,L,1476,3,DAL,185075,35,20232024,0.924528,49,178,3.46238,4,28,0.528301,16,32,28.710522,2024,jake oettinger,78,225,Lakeville,USA,2017.0,1.0,26.0,Jake Oettinger,DAL,G,4000000.0
2,58,58,Sergei Bobrovsky,0,135,2.37242,Bobrovsky,17,4,4,8475683,2,0.91477,1449,20232024,L,1584,6,FLA,204854,36,20232024,0.948275,55,176,3.09293,3,37,0.637931,20,34,27.83641,2024,sergei bobrovsky,74,180,Novokuznetsk,RUS,,,,Sergei Bobrovsky,FLA,G,10000000.0
0,59,57,Stuart Skinner,0,147,2.62394,Skinner,16,5,0,8479973,0,0.90534,1406,20232024,L,1553,2,EDM,201681,36,20232024,0.947368,54,197,3.51644,3,35,0.614035,20,34,27.721004,2024,stuart skinner,76,215,Edmonton,CAN,2017.0,3.0,16.0,Stuart Skinner,EDM,G,2600000.0
1,55,55,Igor Shesterkin,0,141,2.58155,Shesterkin,17,2,6,8478048,1,0.91282,1466,20232024,L,1606,4,NYR,196626,36,20232024,0.981818,54,164,3.00265,1,31,0.563636,18,33,29.404046,2024,igor shesterkin,73,199,Moscow,RUS,2014.0,4.0,28.0,Igor Shesterkin,NYR,G,5666667.0
0,60,60,Connor Hellebuyck,0,142,2.38833,Hellebuyck,19,4,2,8476945,0,0.92102,1656,20232024,L,1798,5,WPG,214040,37,20232024,0.983333,59,183,3.07792,1,39,0.65,23,37,30.241076,2024,connor hellebuyck,76,207,Commerce,USA,2012.0,5.0,9.0,Connor Hellebuyck,WPG,G,8500000.0
2,63,62,Alexandar Georgiev,0,183,3.01818,Georgiev,18,5,4,8480382,2,0.89717,1588,20232024,L,1770,2,COL,218277,38,20232024,0.919354,57,219,3.61192,5,29,0.467741,22,36,29.192264,2024,alexandar georgiev,73,178,Ruse,BGR,,,,,,,
0,1,0,Yaniv Perets,0,1,7.31707,Perets,0,0,0,8484293,0,0.85714,6,20242025,L,7,0,CAR,492,0,20242025,,0,0,0.0,0,0,,0,0,51.219762,2025,yaniv perets,73,181,Dollard-des-Ormeaux,CAN,,,,,,,
0,1,0,Victor Ostman,0,0,0.0,Ostman,0,0,0,8484910,0,1.0,12,20242025,L,12,0,SEA,1200,0,20242025,,0,1,3.0,0,0,,0,0,36.000036,2025,victor ostman,76,205,Danderyd,SWE,,,,Victor Ostman,SEA,G,870000.0
0,1,0,Tristan Lennox,0,1,12.72084,Lennox,0,0,0,8482668,0,0.5,1,20242025,L,2,0,NYI,283,0,20242025,,0,1,12.72084,0,0,,0,0,25.441732,2025,tristan lennox,75,204,Ottawa,CAN,2021.0,3.0,29.0,,,,
0,2,1,Trent Miner,0,4,2.61913,Miner,1,0,0,8481529,0,0.87878,29,20242025,L,33,0,COL,5498,0,20242025,1.0,1,2,1.30956,0,0,0.0,1,0,21.60786,2025,trent miner,73,185,Brandon,CAN,2019.0,7.0,16.0,,,,
0,2,1,Jakub Skarek,0,5,3.93959,Skarek,1,0,0,8480819,0,0.87179,34,20242025,L,39,0,NYI,4569,0,20242025,1.0,1,3,2.36375,0,0,0.0,1,0,30.72884,2025,jakub skarek,76,211,Jihlava,CZE,2018.0,3.0,10.0,,,,
0,2,2,Jesper Wallstedt,0,8,4.08742,Wallstedt,2,0,2,8482661,0,0.84313,43,20242025,L,51,0,MIN,7046,0,20242025,1.0,2,2,1.02185,0,0,0.0,2,0,26.05734,2025,jesper wallstedt,75,214,Vasteras,SWE,2021.0,1.0,20.0,Jesper Wallstedt,MIN,G,2200000.0
0,8,6,Georgi Romanov,0,27,3.88551,Romanov,6,0,0,8484312,0,0.87671,192,20242025,L,219,0,SJS,25016,0,20242025,1.0,6,10,1.43907,0,3,0.5,6,0,31.515833,2025,georgi romanov,77,207,Yekaterinburg,RUS,,,,,,,
0,1,1,Clay Stevenson,0,5,5.0,Stevenson,1,0,0,8483532,0,0.86842,33,20242025,L,38,0,WSH,3600,0,20242025,1.0,1,2,2.0,0,0,0.0,1,0,38.0,2025,clay stevenson,76,195,Drayton Valley,CAN,,,,,,,
0,1,1,Hunter Shepard,0,7,7.0,Shepard,1,0,0,8482411,0,0.73076,19,20242025,L,26,0,WSH,3600,0,20242025,1.0,1,0,0.0,0,0,0.0,1,0,26.0,2025,hunter shepard,71,225,Cohasset,USA,,,,,,,
0,1,1,Ales Stezka,0,3,3.08571,Stezka,1,0,0,8478848,0,0.86956,20,20242025,L,23,0,SEA,3500,0,20242025,1.0,1,1,1.02857,0,0,0.0,1,0,23.657148,2025,ales stezka,76,190,Liberec,CZE,2015.0,4.0,20.0,,,,
0,1,0,Nikke Kokko,0,2,4.00667,Kokko,0,0,0,8483668,0,0.66666,4,20242025,L,6,0,SEA,1797,0,20242025,,0,2,4.00667,0,0,,0,0,12.020049,2025,nikke kokko,75,184,Oulu,FIN,2022.0,2.0,26.0,,,,
0,1,0,Pheonix Copley,0,2,4.36628,Copley,0,0,0,8477831,0,0.83333,10,20242025,L,12,0,LAK,1649,0,20242025,,0,2,4.36628,0,0,,0,0,26.197727,2025,pheonix copley,76,205,North Pole,USA,,,,,,,
0,2,1,Drew Commesso,0,4,3.3637,Commesso,1,0,0,8482123,0,0.84615,22,20242025,L,26,0,CHI,4281,0,20242025,1.0,1,3,2.52277,0,0,0.0,1,0,21.864062,2025,drew commesso,74,180,Norwell,USA,2020.0,2.0,15.0,,,,
0,2,1,Olivier Rodrigue,0,4,3.1001,Rodrigue,1,0,0,8480885,0,0.86206,25,20242025,L,29,0,EDM,4645,0,20242025,1.0,1,2,1.55005,0,0,0.0,1,0,22.475793,2025,olivier rodrigue,73,158,Chicoutimi,CAN,2018.0,2.0,31.0,,,,
0,1,1,Brandon Halverson,0,5,5.17687,Halverson,1,0,0,8477990,0,0.79166,19,20242025,L,24,0,TBL,3477,0,20242025,1.0,1,4,4.1415,0,0,0.0,1,0,24.849016,2025,brandon halverson,77,235,Traverse City,USA,2014.0,2.0,29.0,,,,
0,1,1,Kaapo Kahkonen,0,4,4.11899,Kahkonen,1,0,0,8478039,0,0.8,16,20242025,L,20,0,COL,3496,0,20242025,1.0,1,2,2.05949,0,0,0.0,1,0,20.594968,2025,kaapo kahkonen,74,217,Helsinki,FIN,2014.0,4.0,19.0,,,,
0,1,1,Matt Villalta,0,3,3.0,Villalta,0,0,0,8480191,0,0.90322,28,20242025,L,31,0,UTA,3600,1,20242025,1.0,1,7,7.0,0,1,1.0,0,1,31.0,2025,matt villalta,75,190,Kingston,CAN,2017.0,3.0,10.0,,,,
0,2,1,Mads Sogaard,0,8,5.24303,Sogaard,1,0,2,8481544,0,0.8,32,20242025,L,40,0,OTT,5493,1,20242025,1.0,1,9,5.89841,0,0,0.0,1,1,26.215188,2025,mads sogaard,79,231,Aalborg,DNK,2019.0,2.0,6.0,,,,
0,1,1,Erik Portillo,0,1,1.02359,Portillo,0,0,0,8481707,0,0.96551,28,20242025,L,29,0,LAK,3517,1,20242025,0.0,0,2,2.04719,1,1,1.0,0,1,29.684403,2025,erik portillo,78,218,Gothenburg,SWE,2019.0,3.0,5.0,,,,
0,1,0,Sebastian Cossa,0,2,2.66666,Cossa,0,0,0,8482657,0,0.85714,12,20242025,L,14,0,DET,2700,1,20242025,,0,3,4.0,0,0,,0,0,18.666666,2025,sebastian cossa,78,221,Hamilton,CAN,2021.0,1.0,15.0,,,,
0,1,1,Louis Domingue,0,2,2.0,Domingue,0,0,0,8475839,0,0.92592,25,20242025,R,27,0,NYR,3600,1,20242025,1.0,1,6,6.0,0,1,1.0,0,1,27.0,2025,louis domingue,75,207,St-Hyacinthe,CAN,2010.0,5.0,18.0,,,,
0,2,1,Nikita Tolopilo,0,3,2.15182,Tolopilo,1,0,0,8484268,0,0.88461,23,20242025,L,26,0,VAN,5019,1,20242025,1.0,1,2,1.43454,0,1,1.0,1,1,18.649142,2025,nikita tolopilo,78,229,Minsk,BLR,,,,Nikita Tolopilo,VAN,G,775000.0
0,2,2,Matt Murray,0,7,3.53982,Murray,1,0,0,8476899,0,0.87931,51,20242025,L,58,0,TOR,7119,1,20242025,1.0,2,8,4.04551,0,0,0.0,1,1,29.329962,2025,matt murray,77,220,Thunder Bay,CAN,2012.0,3.0,22.0,,,,
0,15,11,Marcus Hogberg,0,41,3.37811,Hogberg,6,3,0,8477405,0,0.87761,294,20242025,L,335,0,NYI,43693,2,20242025,0.818181,9,23,1.89504,2,5,0.454545,8,2,27.601676,2025,marcus hogberg,77,232,Orebro,SWE,2013.0,3.0,17.0,,,,
0,11,7,Cayden Primeau,0,41,4.69734,Primeau,3,1,2,8480051,0,0.836,209,20242025,L,250,0,MTL,31422,2,20242025,0.857142,6,30,3.43708,1,1,0.142857,3,2,28.642353,2025,cayden primeau,75,205,Farmington Hills,USA,2017.0,7.0,13.0,,,,
0,10,9,Arturs Silovs,0,33,3.64965,Silovs,6,1,2,8481668,0,0.86134,205,20242025,L,238,0,VAN,32551,2,20242025,1.0,9,25,2.76489,0,2,0.222222,7,2,26.321773,2025,arturs silovs,76,208,Riga,LVA,2019.0,6.0,1.0,Arturs Silovs,PIT,G,850000.0
0,9,8,Devon Levi,0,33,4.11956,Levi,7,0,0,8482221,0,0.87209,225,20242025,L,258,0,BUF,28838,2,20242025,1.0,8,24,2.99604,0,2,0.25,7,2,32.207506,2025,devon levi,72,192,Dollard-des-Ormeaux,CAN,2020.0,7.0,26.0,,,,
0,6,4,Jaxson Stauber,0,17,3.25687,Stauber,1,1,0,8483530,0,0.8924,141,20242025,L,158,1,UTA,18791,2,20242025,1.0,4,16,3.06529,0,3,0.75,1,2,30.269811,2025,jaxson stauber,75,174,Wayzata,USA,,,,,,,
0,13,11,Ville Husso,0,37,3.47001,Husso,6,3,0,8478024,0,0.88988,299,20242025,L,336,0,"DET,ANA",38386,2,20242025,0.818181,9,24,2.25082,2,7,0.636363,9,2,31.51149,2025,ville husso,75,205,Helsinki,FIN,2014.0,4.0,4.0,Ville Husso,ANA,G,2200000.0
0,5,3,Akira Schmid,0,5,1.25997,Schmid,0,1,0,8481033,0,0.94444,85,20242025,L,90,0,VGK,14286,2,20242025,1.0,3,11,2.77194,0,3,1.0,0,2,22.679548,2025,akira schmid,77,190,Bern,CHE,2018.0,5.0,12.0,Akira Schmid,VGK,G,875000.0
0,9,7,Spencer Martin,0,27,3.89438,Martin,4,1,0,8477484,0,0.84571,148,20242025,L,175,1,CAR,24959,3,20242025,0.857142,6,23,3.31744,1,1,0.142857,4,3,25.241397,2025,spencer martin,75,191,Oakville,CAN,2013.0,3.0,2.0,,,,
0,10,10,Semyon Varlamov,0,29,2.88844,Varlamov,4,3,0,8473575,0,0.88931,233,20242025,L,262,0,NYI,36144,3,20242025,1.0,10,26,2.58964,0,5,0.5,6,2,26.095617,2025,semyon varlamov,74,201,Samara,RUS,2006.0,1.0,23.0,Semyon Varlamov,NYI,G,2750000.0
0,6,6,Dennis Hildeby,0,20,3.32578,Hildeby,3,0,0,8483710,0,0.8782,137,20242025,L,156,0,TOR,21649,3,20242025,1.0,6,15,2.49434,0,2,0.333333,3,3,25.941152,2025,dennis hildeby,79,231,Jarfalla,SWE,2022.0,4.0,25.0,Dennis Hildeby,TOR,G,841667.0
0,6,4,Nico Daws,0,7,1.59786,Daws,1,0,0,8482076,0,0.93859,107,20242025,L,114,1,NJD,15771,3,20242025,1.0,4,14,3.19573,0,3,0.75,1,2,26.022448,2025,nico daws,76,205,Munich,DEU,2020.0,3.0,22.0,,,,
0,6,6,Dustin Tokarski,0,13,2.17684,Tokarski,2,0,0,8474682,0,0.90151,119,20242025,L,132,1,CAR,21499,4,20242025,1.0,6,18,3.01409,0,3,0.5,2,4,22.103355,2025,dustin tokarski,72,198,Watson,CAN,2008.0,5.0,1.0,,,,
0,15,12,Joel Blomqvist,0,49,3.80607,Blomqvist,9,1,0,8482446,0,0.8847,376,20242025,L,425,0,PIT,46347,4,20242025,0.916666,11,38,2.95164,1,5,0.416666,10,4,33.011847,2025,joel blomqvist,75,204,Uusikaarlepyy,FIN,2020.0,2.0,21.0,,,,
1,13,12,Yaroslav Askarov,0,37,3.09709,Askarov,6,2,0,8482137,1,0.89635,320,20242025,R,357,0,SJS,43008,4,20242025,0.916666,11,29,2.42745,1,7,0.583333,7,4,29.882814,2025,yaroslav askarov,75,180,Omsk,RUS,2020.0,1.0,11.0,Yaroslav Askarov,SJS,G,2000000.0
1,25,24,Vitek Vanecek,0,84,3.61644,Vanecek,14,4,0,8477970,1,0.88397,640,20242025,L,724,1,"SJS,FLA",83618,5,20242025,0.916666,22,51,2.19569,2,10,0.416666,17,4,31.170322,2025,vitek vanecek,74,184,Havlickuv Brod,CZE,2014.0,2.0,9.0,Vitek Vanecek,UTA,G,1500000.0
0,17,13,Aleksei Kolosov,0,54,3.59234,Kolosov,9,1,0,8482783,0,0.86699,352,20242025,L,406,0,PHI,54115,5,20242025,1.0,13,49,3.25972,0,4,0.307692,10,5,27.009147,2025,aleksei kolosov,73,185,Minsk,BLR,2021.0,3.0,14.0,,,,
0,26,24,Ivan Fedotov,0,75,3.14901,Fedotov,13,4,0,8478905,0,0.8798,549,20242025,L,624,0,PHI,85741,6,20242025,0.875,21,52,2.18331,3,8,0.333333,15,4,26.199834,2025,ivan fedotov,79,209,Lappeenranta,FIN,2015.0,7.0,7.0,,,,
0,16,15,Jakub Dobes,0,40,2.74353,Dobes,4,3,0,8482487,0,0.90909,400,20242025,L,440,1,MTL,52487,7,20242025,0.933333,14,36,2.46918,1,8,0.533333,7,6,30.178901,2025,jakub dobes,76,215,Ostrava,CZE,2020.0,5.0,12.0,Jakub Dobes,MTL,G,965000.0
0,11,11,Jet Greaves,0,21,1.9088,Greaves,2,2,0,8482982,0,0.93805,318,20242025,L,339,2,CBJ,39606,7,20242025,1.0,11,38,3.45402,0,7,0.636363,4,7,30.813514,2025,jet greaves,72,188,Cambridge,CAN,,,,Jet Greaves,CBJ,G,812500.0
1,20,19,Daniil Tarasov,0,65,3.54411,Tarasov,10,2,0,8480193,1,0.88051,479,20242025,L,544,1,CBJ,66025,7,20242025,0.947368,18,53,2.88981,1,7,0.368421,11,6,29.661493,2025,daniil tarasov,77,203,Novokuznetsk,RUS,2017.0,3.0,24.0,Daniil Tarasov,FLA,G,1050000.0
0,26,26,Philipp Grubauer,0,85,3.49199,Grubauer,17,1,0,8475831,0,0.87518,596,20242025,L,681,0,SEA,87629,8,20242025,0.923076,24,64,2.62926,2,10,0.384615,17,7,27.97704,2025,philipp grubauer,73,188,Rosenheim,DEU,2010.0,4.0,22.0,,,,
0,12,11,Leevi Meriläinen,0,22,1.991,Meriläinen,3,1,0,8482447,0,0.92542,273,20242025,L,295,3,OTT,39779,8,20242025,0.90909,10,33,2.9865,1,7,0.636363,4,7,26.697504,2025,leevi merilainen,74,196,Oulu,FIN,2020.0,3.0,9.0,,,,
2,22,22,Connor Ingram,0,66,3.27241,Ingram,8,4,4,8478971,2,0.88172,492,20242025,L,558,0,UTA,72607,9,20242025,0.863636,19,65,3.22282,3,8,0.363636,12,9,27.666754,2025,connor ingram,73,218,Saskatoon,CAN,2016.0,3.0,27.0,Connor Ingram,EDM,G,1150000.0
0,19,18,Jonas Johansson,0,58,3.13442,Johansson,6,3,0,8477992,0,0.8953,496,20242025,L,554,1,TBL,66615,9,20242025,1.0,18,68,3.67484,0,7,0.388888,7,9,29.939203,2025,jonas johansson,77,220,Gavle,SWE,2014.0,3.0,1.0,Jonas Johansson,TBL,G,1250000.0
0,20,20,Eric Comrie,0,47,2.39074,Comrie,10,1,0,8477480,0,0.91407,500,20242025,L,547,2,WPG,70773,9,20242025,0.95,19,54,2.74681,1,14,0.7,11,8,27.824171,2025,eric comrie,73,190,Edmonton,CAN,2013.0,2.0,29.0,Eric Comrie,WPG,G,825000.0
0,24,21,James Reimer,0,69,3.03778,Reimer,10,2,0,8473503,0,0.89728,594,20242025,L,662,1,"ANA,BUF",81770,10,20242025,1.0,21,69,3.03778,0,11,0.523809,11,9,29.145164,2025,james reimer,74,200,Morweena,CAN,2006.0,4.0,6.0,James Reimer,OTT,G,850000.0
0,23,23,Thatcher Demko,0,63,2.9033,Demko,8,3,0,8477967,0,0.88927,506,20242025,L,569,1,VAN,78118,10,20242025,0.913043,21,56,2.58071,2,9,0.391304,11,9,26.22187,2025,thatcher demko,76,192,San Diego,USA,2014.0,2.0,6.0,Thatcher Demko,VAN,G,5000000.0
0,36,33,Arvid Soderblom,0,111,3.17672,Soderblom,18,7,0,8482821,0,0.89788,976,20242025,L,1087,0,CHI,125790,10,20242025,0.969696,32,91,2.60434,1,15,0.454545,23,9,31.108991,2025,arvid soderblom,75,180,Göteborg,SWE,,,,Arvid Söderblom,CHI,G,2750000.0
0,27,24,Joonas Korpisalo,0,74,2.90252,Korpisalo,10,3,0,8476914,0,0.89321,619,20242025,L,693,3,BOS,91782,11,20242025,1.0,24,69,2.70641,0,10,0.416666,13,11,27.1818,2025,joonas korpisalo,76,200,Pori,FIN,2012.0,3.0,1.0,Joonas Korpisalo,BOS,G,4000000.0
1,24,20,Jonathan Quick,0,70,3.16817,Quick,7,2,2,8471734,1,0.89345,587,20242025,L,657,3,NYR,79541,11,20242025,1.0,20,75,3.39447,0,8,0.4,9,11,29.735608,2025,jonathan quick,73,219,Milford,USA,2005.0,3.0,11.0,Jonathan Quick,NYR,G,1550000.0
1,29,28,John Gibson,0,72,2.76541,Gibson,11,2,4,8476434,1,0.91245,740,20242025,L,811,0,ANA,93729,11,20242025,0.821428,23,66,2.53496,5,15,0.535714,13,11,31.149377,2025,john gibson,75,209,Pittsburgh,USA,2011.0,2.0,9.0,John Gibson,DET,G,6400000.0
0,30,27,Anton Forsberg,0,76,2.71989,Forsberg,12,3,0,8476341,0,0.90104,692,20242025,L,768,3,OTT,100592,11,20242025,0.925925,25,63,2.25465,2,12,0.444444,15,11,27.485287,2025,anton forsberg,75,200,Härnösand,SWE,2011.0,7.0,7.0,Anton Forsberg,LAK,G,2250000.0
1,30,29,Dan Vladar,0,83,2.79612,Vladar,11,6,2,8478435,1,0.89753,727,20242025,L,810,2,CGY,106862,12,20242025,1.0,29,70,2.35818,0,15,0.517241,16,10,27.28753,2025,dan vladar,77,209,Prague,CZE,2015.0,3.0,14.0,,,,
0,38,38,Petr Mrazek,0,116,3.34596,Mrazek,21,2,0,8475852,0,0.89118,950,20242025,L,1066,1,"CHI,DET",124807,12,20242025,0.894736,34,95,2.74023,4,19,0.5,23,11,30.748275,2025,petr mrazek,74,192,Ostrava,CZE,2010.0,5.0,21.0,Petr Mrazek,ANA,G,4250000.0
1,22,22,Frederik Andersen,0,55,2.50091,Andersen,8,1,0,8475883,1,0.89926,491,20242025,L,546,1,CAR,79171,13,20242025,1.0,22,67,3.04657,0,14,0.636363,8,13,24.827273,2025,frederik andersen,76,229,Herning,DNK,2012.0,3.0,26.0,Frederik Andersen,CAR,G,2750000.0
0,31,29,Jake Allen,0,77,2.65797,Allen,16,1,0,8474596,0,0.90842,744,20242025,L,819,4,NJD,104290,13,20242025,0.931034,27,71,2.45085,2,15,0.517241,17,13,28.271167,2025,jake allen,74,197,Fredericton,CAN,2008.0,2.0,4.0,Jake Allen,NJD,G,1800000.0
0,26,22,Marc-Andre Fleury,0,68,2.93468,Fleury,9,1,2,8470594,0,0.8985,602,20242025,L,670,1,MIN,83416,14,20242025,1.0,22,70,3.021,0,12,0.545454,9,13,28.915316,2025,marcandre fleury,74,185,Sorel,CAN,2003.0,1.0,1.0,,,,
1,27,24,Casey DeSmith,0,65,2.59222,DeSmith,8,2,2,8479193,1,0.91458,696,20242025,L,761,2,DAL,90270,14,20242025,1.0,24,81,3.2303,0,12,0.5,9,14,30.348953,2025,casey desmith,72,188,Rochester,USA,,,,Casey DeSmith,DAL,G,1000000.0
2,38,35,Alex Nedeljkovic,1,112,3.12434,Nedeljkovic,15,5,2,8477968,3,0.89373,942,20242025,L,1054,1,PIT,129051,14,20242025,0.914285,32,92,2.56642,3,18,0.514285,17,13,29.402329,2025,alex nedeljkovic,72,205,Parma,USA,2014.0,2.0,7.0,Alex Nedeljkovic,SJS,G,2500000.0
0,24,22,Scott Wedgewood,0,53,2.31595,Wedgewood,6,2,0,8475809,0,0.9083,525,20242025,L,578,2,"NSH,COL",82385,14,20242025,0.954545,21,71,3.1025,1,12,0.545454,7,12,25.257025,2025,scott wedgewood,74,201,Brampton,CAN,2010.0,3.0,24.0,Scott Wedgewood,COL,G,1500000.0
0,30,26,Alex Lyon,0,73,2.80835,Lyon,9,1,2,8479312,0,0.89645,632,20242025,L,705,1,DET,93578,14,20242025,0.884615,23,75,2.88529,3,13,0.5,10,13,27.12176,2025,alex lyon,73,199,Baudette,USA,,,,Alex Lyon,BUF,G,1500000.0
0,34,29,Justus Annunen,0,95,3.18468,Annunen,15,1,0,8481020,0,0.88329,719,20242025,L,814,0,"COL,NSH",107389,15,20242025,0.931034,27,90,3.01706,2,11,0.37931,16,15,27.287711,2025,justus annunen,76,210,Kempele,FIN,2018.0,3.0,2.0,Justus Annunen,NSH,G,837500.0
1,49,47,Alexandar Georgiev,0,165,3.70536,Georgiev,26,4,0,8480382,1,0.87471,1152,20242025,L,1317,0,"COL,SJS",160308,15,20242025,0.87234,41,121,2.71726,6,17,0.361702,29,12,29.575567,2025,alexandar georgiev,73,178,Ruse,BGR,,,,,,,
1,29,29,Ilya Samsonov,0,82,2.81889,Samsonov,9,4,4,8478492,1,0.89095,670,20242025,L,752,2,VGK,104722,16,20242025,1.0,29,94,3.23141,0,14,0.482758,12,15,25.851301,2025,ilya samsonov,75,208,Magnitogorsk,RUS,2015.0,1.0,22.0,,,,
1,36,35,Tristan Jarry,0,105,3.11896,Jarry,12,6,2,8477465,1,0.89289,867,20242025,L,971,2,PIT,121194,16,20242025,0.914285,32,107,3.17837,3,17,0.485714,15,16,28.843012,2025,tristan jarry,76,201,Surrey,CAN,2013.0,2.0,14.0,Tristan Jarry,EDM,G,5375000.0
1,31,28,Joel Hofer,0,74,2.64471,Hofer,8,3,2,8480981,1,0.90352,693,20242025,L,767,1,STL,100729,16,20242025,0.928571,26,88,3.14507,2,14,0.5,10,16,27.412166,2025,joel hofer,77,193,Winnipeg,CAN,2018.0,4.0,14.0,Joel Hofer,STL,G,3400000.0
0,34,31,David Rittich,0,88,2.83799,Rittich,14,2,2,8479496,0,0.88715,684,20242025,L,771,0,LAK,111628,16,20242025,0.967741,30,89,2.87024,1,15,0.48387,15,15,24.864729,2025,david rittich,75,200,Jihlava,CZE,,,,David Rittich,NYI,G,1000000.0
2,38,36,Spencer Knight,0,100,2.72374,Knight,16,3,0,8481519,2,0.90207,912,20242025,L,1011,2,"FLA,CHI",132171,17,20242025,1.0,36,101,2.75098,0,19,0.527777,17,15,27.537054,2025,spencer knight,75,191,Darien,USA,2019.0,1.0,13.0,Spencer Knight,CHI,G,4500000.0
0,39,38,Charlie Lindgren,0,104,2.72846,Lindgren,14,3,0,8479292,0,0.89644,883,20242025,R,985,1,WSH,137220,20,20242025,0.973684,37,114,2.99081,1,16,0.421052,15,19,25.841714,2025,charlie lindgren,74,190,Lakeville,USA,,,,Charlie Lindgren,WAS,G,3000000.0
1,58,58,Juuse Saros,0,167,2.98408,Saros,31,6,4,8477424,1,0.89572,1426,20242025,L,1592,4,NSH,201469,20,20242025,0.931034,54,137,2.44801,4,27,0.465517,37,18,28.447056,2025,juuse saros,71,180,Forssa,FIN,2013.0,4.0,8.0,Juuse Saros,NSH,G,7740000.0
1,34,33,Anthony Stolarz,0,71,2.14404,Stolarz,8,3,0,8476932,1,0.92565,884,20242025,L,955,4,TOR,119214,21,20242025,0.969696,32,105,3.17076,1,21,0.636363,10,21,28.838894,2025,anthony stolarz,78,248,Edison,USA,2012.0,2.0,15.0,Anthony Stolarz,TOR,G,2500000.0
0,47,43,Cam Talbot,0,129,2.92941,Talbot,19,5,0,8475660,0,0.90115,1167,20242025,L,1295,2,DET,158530,21,20242025,0.906976,39,126,2.86128,4,22,0.511627,24,20,29.407683,2025,cam talbot,75,202,Caledonia,CAN,,,,,,,
1,36,31,Calvin Pickard,0,85,2.71029,Pickard,10,1,0,8475717,1,0.89988,764,20242025,L,849,0,EDM,112903,22,20242025,0.935483,29,102,3.25234,2,20,0.645161,11,22,27.071025,2025,calvin pickard,73,206,Moncton,CAN,2010.0,2.0,19.0,,,,
0,47,45,Samuel Ersson,0,136,3.13631,Ersson,17,5,2,8481035,0,0.88296,1026,20242025,L,1162,2,PHI,156107,22,20242025,0.888888,40,121,2.79039,5,19,0.422222,21,18,26.797004,2025,samuel ersson,75,194,Falun,SWE,2018.0,5.0,19.0,Samuel Ersson,PHI,G,1450000.0
0,58,58,Jeremy Swayman,0,176,3.1145,Swayman,29,7,2,8480280,0,0.89215,1456,20242025,L,1632,4,BOS,203435,22,20242025,0.948275,55,150,2.65441,3,27,0.465517,35,22,28.879986,2025,jeremy swayman,75,195,Anchorage,USA,2017.0,4.0,18.0,Jeremy Swayman,BOS,G,8250000.0
0,54,49,Lukas Dostal,0,158,3.10042,Dostal,23,7,0,8480843,0,0.90276,1467,20242025,L,1625,1,ANA,183459,23,20242025,0.959183,47,130,2.55097,2,27,0.55102,28,19,31.887233,2025,lukas dostal,74,190,Brno,CZE,2018.0,3.0,23.0,Lukas Dostal,ANA,G,6500000.0
1,55,55,Ukko-Pekka Luukkonen,0,169,3.1965,Luukkonen,24,5,2,8480045,1,0.88657,1321,20242025,L,1490,2,BUF,190333,24,20242025,0.927272,51,165,3.12084,4,25,0.454545,28,21,28.182186,2025,ukkopekka luukkonen,77,223,Espoo,FIN,2017.0,2.0,23.0,Ukko-Pekka Luukkonen,BUF,G,4750000.0
1,51,49,Kevin Lankinen,0,132,2.6227,Lankinen,15,10,0,8480947,1,0.90185,1213,20242025,L,1345,4,VAN,181187,25,20242025,0.959183,47,142,2.82139,2,27,0.55102,23,23,26.723771,2025,kevin lankinen,74,190,Helsinki,FIN,,,,Kevin Lankinen,VAN,G,4500000.0
2,44,43,Linus Ullmark,0,112,2.72364,Ullmark,14,3,0,8476999,2,0.90968,1118,20242025,L,1229,4,OTT,148037,25,20242025,0.930232,40,128,3.11273,3,26,0.604651,15,25,29.887123,2025,linus ullmark,76,223,Lugnvik,SWE,2012.0,6.0,12.0,Linus Ullmark,OTT,G,8250000.0
0,51,50,Stuart Skinner,0,138,2.81398,Skinner,18,4,0,8479973,0,0.89584,1187,20242025,L,1325,3,EDM,176547,26,20242025,0.9,45,146,2.97711,5,24,0.48,21,26,27.018301,2025,stuart skinner,76,215,Edmonton,CAN,2017.0,3.0,16.0,Stuart Skinner,PIT,G,2600000.0
0,49,49,Jacob Markstrom,0,121,2.50084,Markstrom,16,6,0,8474593,0,0.90032,1093,20242025,L,1214,4,NJD,174181,26,20242025,0.959183,47,145,2.99688,2,26,0.530612,20,25,25.09114,2025,jacob markstrom,78,207,Gavle,SWE,2008.0,2.0,1.0,Jacob Markstrom,NJD,G,4125000.0
1,58,55,Karel Vejmelka,0,145,2.58287,Vejmelka,22,8,0,8478872,1,0.9039,1364,20242025,R,1509,1,UTA,202100,26,20242025,0.963636,53,152,2.70757,2,28,0.50909,27,25,26.879762,2025,karel vejmelka,76,221,Trebic,CZE,2015.0,5.0,24.0,Karel Vejmelka,UTA,G,4750000.0
1,53,52,Elvis Merzlikins,0,168,3.17889,Merzlikins,21,5,8,8478007,1,0.8921,1389,20242025,L,1557,1,CBJ,190255,26,20242025,0.980769,51,174,3.29242,1,24,0.461538,26,21,29.461512,2025,elvis merzlikins,75,190,Riga,LVA,2014.0,3.0,16.0,Elvis Merzlikins,CBJ,G,5400000.0
0,61,61,Igor Shesterkin,0,167,2.85866,Shesterkin,29,5,6,8478048,0,0.90462,1584,20242025,L,1751,6,NYR,210308,27,20242025,0.934426,57,171,2.92713,4,34,0.557377,34,26,29.973182,2025,igor shesterkin,73,199,Moscow,RUS,2014.0,4.0,28.0,Igor Shesterkin,NYR,G,11500000.0
0,42,41,Joseph Woll,0,111,2.7269,Woll,14,1,0,8479361,0,0.90871,1105,20242025,L,1216,1,TOR,146540,27,20242025,0.975609,40,132,3.2428,1,24,0.585365,14,26,29.873072,2025,joseph woll,75,212,Dardenne Prairie,USA,2016.0,3.0,1.0,Joseph Woll,TOR,G,3666667.0
2,57,55,Joey Daccord,0,151,2.74941,Daccord,23,5,0,8478916,2,0.90619,1449,20242025,L,1599,2,SEA,197715,27,20242025,0.963636,53,164,2.98611,2,30,0.545454,26,26,29.114634,2025,joey daccord,74,201,Boston,USA,2015.0,7.0,18.0,Joey Daccord,SEA,G,5000000.0
3,47,47,Pyotr Kochetkov,0,121,2.60149,Kochetkov,16,3,8,8481611,3,0.89761,1052,20242025,L,1172,2,CAR,167442,27,20242025,0.957446,45,151,3.24649,2,22,0.468085,18,27,25.197979,2025,pyotr kochetkov,75,196,Penza,RUS,2019.0,2.0,5.0,Pyotr Kochetkov,CAR,G,2000000.0
1,56,53,Mackenzie Blackwood,0,137,2.54991,Blackwood,21,6,2,8478406,1,0.9122,1413,20242025,L,1549,4,"SJS,COL",193418,28,20242025,0.981132,52,159,2.95939,1,29,0.547169,23,27,28.830822,2025,mackenzie blackwood,76,225,Thunder Bay,CAN,2015.0,2.0,12.0,MacKenzie Blackwood,COL,G,5250000.0
0,56,54,Jordan Binnington,0,145,2.68602,Binnington,22,5,6,8476412,0,0.90048,1312,20242025,L,1457,3,STL,194339,28,20242025,0.944444,51,155,2.87127,3,28,0.518518,26,24,26.98995,2025,jordan binnington,74,172,Richmond Hill,CAN,2011.0,3.0,27.0,Jordan Binnington,STL,G,6000000.0
3,53,53,Dustin Wolf,0,140,2.63954,Wolf,16,8,2,8481692,3,0.90961,1409,20242025,L,1549,3,CGY,190942,29,20242025,0.981132,52,147,2.77152,1,29,0.547169,23,26,29.20468,2025,dustin wolf,72,166,Gilroy,USA,2019.0,7.0,28.0,Dustin Wolf,CGY,G,850000.0
2,61,60,Ilya Sorokin,1,158,2.70946,Sorokin,24,6,2,8478009,3,0.90737,1538,20242025,L,1695,4,NYI,209931,30,20242025,0.916666,55,163,2.7952,5,36,0.6,29,29,29.066693,2025,ilya sorokin,75,189,Mezhdurechensk,RUS,2014.0,3.0,18.0,Ilya Sorokin,NYI,G,8250000.0
1,58,58,Filip Gustavsson,1,146,2.55872,Gustavsson,19,6,0,8479406,2,0.91376,1547,20242025,L,1693,5,MIN,205415,31,20242025,0.931034,54,144,2.52367,4,37,0.637931,23,29,29.670666,2025,filip gustavsson,74,184,Skelleftea,SWE,2016.0,2.0,25.0,Filip Gustavsson,MIN,G,3750000.0
1,50,50,Darcy Kuemper,0,100,2.01772,Kuemper,11,7,12,8475311,1,0.92186,1168,20242025,L,1267,5,LAK,178419,31,20242025,0.96,48,152,3.06693,2,34,0.68,16,31,25.564542,2025,darcy kuemper,77,215,Saskatoon,CAN,2009.0,6.0,11.0,Darcy Kuemper,LAK,G,5250000.0
1,62,60,Samuel Montembeault,0,166,2.81834,Montembeault,24,7,0,8478470,1,0.90166,1513,20242025,L,1678,4,MTL,212039,31,20242025,0.916666,55,174,2.95417,5,32,0.533333,28,30,28.489098,2025,samuel montembeault,75,218,Becancour,CAN,2015.0,3.0,16.0,Samuel Montembeault,MTL,G,3150000.0
1,43,42,Logan Thompson,0,105,2.48506,Thompson,6,6,0,8480313,1,0.9104,1067,20242025,R,1172,2,WSH,152109,31,20242025,0.97619,41,166,3.92876,1,25,0.595238,11,30,27.738003,2025,logan thompson,76,207,Calgary,CAN,,,,Logan Thompson,WAS,G,5850000.0
0,50,50,Adin Hill,0,121,2.4692,Hill,13,5,4,8478499,0,0.90641,1172,20242025,L,1293,4,VGK,176413,32,20242025,0.96,48,163,3.32628,2,25,0.5,15,32,26.38581,2025,adin hill,76,222,Comox,CAN,2015.0,3.0,15.0,Adin Hill,VGK,G,6250000.0
1,54,54,Sergei Bobrovsky,0,130,2.43751,Bobrovsky,19,2,4,8475683,1,0.90559,1247,20242025,L,1377,5,FLA,191999,33,20242025,0.962962,52,167,3.13126,2,31,0.574074,21,30,25.818884,2025,sergei bobrovsky,74,180,Novokuznetsk,RUS,,,,Sergei Bobrovsky,FLA,G,10000000.0
1,58,58,Jake Oettinger,0,147,2.58645,Oettinger,18,4,0,8479979,1,0.90875,1464,20242025,L,1611,2,DAL,204604,36,20242025,0.948275,55,188,3.30785,3,34,0.586206,21,34,28.345487,2025,jake oettinger,78,225,Lakeville,USA,2017.0,1.0,26.0,Jake Oettinger,DAL,G,8250000.0
2,63,63,Andrei Vasilevskiy,0,136,2.18002,Vasilevskiy,20,5,8,8476883,2,0.92132,1581,20242025,L,1716,6,TBL,224585,38,20242025,0.984126,62,213,3.41429,1,39,0.619047,24,36,27.506734,2025,andrei vasilevskiy,76,223,Tyumen,RUS,2012.0,1.0,19.0,Andrei Vasilevskiy,TBL,G,9500000.0
1,63,62,Connor Hellebuyck,0,125,2.00461,Hellebuyck,12,3,2,8476945,1,0.92487,1539,20242025,L,1664,8,WPG,224482,47,20242025,1.0,62,211,3.38379,0,44,0.709677,14,46,26.685435,2025,connor hellebuyck,76,207,Commerce,USA,2012.0,5.0,9.0,Connor Hellebuyck,WPG,G,8500000.0
0,5,4,Matt Murray,0,8,2.21317,Murray,2,1,0,8476899,0,0.92156,94,20252026,L,102,0,SEA,13013,0,20252026,0.75,3,4,1.10658,1,3,0.75,2,0,28.217937,2026,matt murray,77,220,Thunder Bay,CAN,2012.0,3.0,22.0,,,,
0,1,0,Marcus Hogberg,0,2,8.89987,Hogberg,0,0,0,8477405,0,0.71428,5,20252026,L,7,0,NYI,809,0,20252026,,0,1,4.44993,0,0,,0,0,31.149598,2026,marcus hogberg,77,232,Orebro,SWE,2013.0,3.0,17.0,,,,
0,1,1,Victor Ostman,0,2,2.09912,Ostman,1,0,0,8484910,0,0.94285,33,20252026,L,35,0,SEA,3430,0,20252026,1.0,1,0,0.0,0,1,1.0,1,0,36.734723,2026,victor ostman,76,205,Danderyd,SWE,,,,,,,
0,3,2,Artur Akhtyamov,0,11,5.23809,Akhtyamov,2,0,0,8482515,0,0.87654,71,20252026,L,81,0,TOR,7560,0,20252026,1.0,2,9,4.28571,0,0,0.0,2,0,38.571428,2026,artur akhtyamov,74,176,Kazan,RUS,2020.0,4.0,13.0,,,,
0,1,0,Hunter Shepard,0,2,3.35351,Shepard,1,0,0,8482411,0,0.83333,10,20252026,L,12,0,OTT,2147,0,20252026,,0,3,5.03027,0,0,,1,0,20.121129,2026,hunter shepard,71,225,Cohasset,USA,,,,,,,
0,3,1,Thomas Milic,0,8,3.46237,Milic,1,0,2,8483114,0,0.87096,54,20252026,L,62,0,WPG,8318,0,20252026,1.0,1,4,1.73118,0,0,0.0,1,0,26.833379,2026,thomas milic,72,175,New Westminster,CAN,2023.0,5.0,23.0,,,,
0,1,0,Vyacheslav Buteyets,0,3,9.0,Buteyets,0,0,0,8483746,0,0.76923,10,20252026,L,13,0,ANA,1200,0,20252026,,0,0,0.0,0,0,,0,0,39.000039,2026,vyacheslav buteyets,76,220,Moscow,RUS,2022.0,6.0,17.0,,,,
0,1,1,Jiri Patera,0,7,7.39219,Patera,1,0,0,8480238,0,0.825,33,20252026,L,40,0,VAN,3409,0,20252026,1.0,1,5,5.28014,0,0,0.0,1,0,42.241146,2026,jiri patera,75,212,Praha,CZE,2017.0,6.0,6.0,,,,
0,1,1,Laurent Brossoit,0,6,6.08622,Brossoit,1,0,0,8476316,0,0.7826,18,20252026,L,23,0,SJS,3549,0,20252026,1.0,1,4,4.05748,0,0,0.0,1,0,23.330523,2026,laurent brossoit,75,203,Port Alberni,CAN,2011.0,6.0,13.0,,,,
0,1,1,Pheonix Copley,0,3,3.07342,Copley,1,0,0,8477831,0,0.89285,25,20252026,L,28,0,LAK,3514,0,20252026,1.0,1,2,2.04894,0,0,0.0,1,0,28.685262,2026,pheonix copley,76,205,North Pole,USA,,,,,,,
0,4,2,Aleksei Kolosov,0,8,3.99944,Kolosov,2,0,0,8482783,0,0.82978,39,20252026,L,47,0,PHI,7201,0,20252026,0.5,1,4,1.99972,1,1,0.5,2,0,23.496745,2026,aleksei kolosov,73,185,Minsk,BLR,2021.0,3.0,14.0,,,,
0,2,1,Brandon Halverson,0,4,4.21916,Halverson,1,0,0,8477990,0,0.80952,17,20252026,L,21,0,TBL,3413,0,20252026,1.0,1,2,2.10958,0,0,0.0,1,0,22.150613,2026,brandon halverson,77,235,Traverse City,USA,2014.0,2.0,29.0,,,,
0,1,0,Michael DiPietro,0,0,0.0,DiPietro,0,0,0,8480022,0,1.0,2,20252026,L,2,0,BOS,363,0,20252026,,0,1,9.91735,0,0,,0,0,19.834776,2026,michael dipietro,73,205,Windsor,CAN,2017.0,3.0,2.0,,,,
0,6,4,Spencer Martin,0,20,4.12867,Martin,3,0,0,8477484,0,0.86394,127,20252026,L,147,0,NYR,17439,1,20252026,1.0,4,17,3.50937,0,1,0.25,3,1,30.34578,2026,spencer martin,75,191,Oakville,CAN,2013.0,3.0,2.0,,,,
0,5,4,Sergei Murashov,0,12,2.55969,Murashov,1,2,0,8483703,0,0.89655,104,20252026,R,116,1,PIT,16877,1,20252026,1.0,4,12,2.55969,0,1,0.25,3,1,24.743737,2026,sergei murashov,74,185,Yaroslavl,RUS,2022.0,4.0,21.0,,,,
0,1,1,Arsenii Sergeev,0,1,1.0,Sergeev,0,0,0,8482949,0,0.96428,27,20252026,L,28,0,CGY,3600,1,20252026,1.0,1,3,3.0,0,1,1.0,0,1,28.0,2026,arsenii sergeev,75,192,Yaroslavl,RUS,2021.0,7.0,13.0,Arsenii Sergeev,CGY,G,866250.0
0,3,3,Nikke Kokko,0,9,3.03911,Kokko,2,0,0,8483668,0,0.89024,73,20252026,L,82,0,SEA,10661,1,20252026,1.0,3,7,2.36375,0,1,0.333333,2,1,27.689718,2026,nikke kokko,75,184,Oulu,FIN,2022.0,2.0,26.0,,,,
0,2,1,Mads Sogaard,0,6,4.65016,Sogaard,0,0,0,8481544,0,0.83333,30,20252026,L,36,0,OTT,4645,1,20252026,1.0,1,8,6.20021,0,1,1.0,0,1,27.900985,2026,mads sogaard,79,231,Aalborg,DNK,2019.0,2.0,6.0,,,,
0,4,3,Trent Miner,0,8,2.02902,Miner,0,3,0,8481529,0,0.93269,97,20252026,L,104,1,COL,14194,1,20252026,1.0,3,13,3.29716,0,2,0.666666,2,1,26.377347,2026,trent miner,73,185,Brandon,CAN,2019.0,7.0,16.0,,,,
0,3,3,Nico Daws,0,8,2.61913,Daws,1,0,0,8482076,0,0.90804,79,20252026,L,87,0,NJD,10996,2,20252026,1.0,3,8,2.61913,0,1,0.333333,1,2,28.483088,2026,nico daws,76,205,Munich,DEU,2020.0,3.0,22.0,,,,
0,3,3,Drew Commesso,0,7,2.31129,Commesso,1,0,0,8482123,0,0.91764,78,20252026,L,85,1,CHI,10903,2,20252026,1.0,3,7,2.31129,0,2,0.666666,1,2,28.065671,2026,drew commesso,74,180,Norwell,USA,2020.0,2.0,15.0,,,,
0,3,3,Cayden Primeau,0,13,4.29831,Primeau,1,0,0,8480051,0,0.8375,67,20252026,L,80,0,TOR,10888,2,20252026,1.0,3,14,4.62894,0,0,0.0,1,2,26.451142,2026,cayden primeau,75,205,Farmington Hills,USA,2017.0,7.0,13.0,,,,
0,3,3,Dylan Garand,0,5,1.62162,Garand,0,1,0,8482193,0,0.94791,91,20252026,L,96,0,NYR,11100,2,20252026,1.0,3,12,3.89189,0,3,1.0,0,2,31.135138,2026,dylan garand,73,185,Victoria,CAN,2020.0,4.0,10.0,,,,
0,8,8,Carl Lindbom,0,24,2.99583,Lindbom,4,2,0,8482761,0,0.87301,165,20252026,L,189,0,VGK,28840,2,20252026,1.0,8,22,2.74618,0,1,0.125,6,2,23.592233,2026,carl lindbom,73,186,Stockholm,SWE,2021.0,7.0,30.0,,,,
0,4,4,Clay Stevenson,0,8,2.00222,Stevenson,1,0,0,8483532,0,0.92079,93,20252026,L,101,0,WSH,14384,3,20252026,1.0,4,12,3.00333,0,2,0.5,1,3,25.27809,2026,clay stevenson,76,195,Drayton Valley,CAN,,,,,,,
0,10,8,Petr Mrazek,0,35,4.07068,Mrazek,5,0,0,8475852,0,0.85829,212,20252026,L,247,0,ANA,30953,3,20252026,0.75,6,32,3.72177,2,2,0.25,5,3,28.727427,2026,petr mrazek,74,192,Ostrava,CZE,2010.0,5.0,21.0,,,,
0,20,14,Dennis Hildeby,0,48,2.85506,Hildeby,7,4,0,8483710,0,0.91423,501,20252026,L,548,1,TOR,60524,5,20252026,0.928571,13,44,2.61714,1,7,0.5,10,5,32.595334,2026,dennis hildeby,79,231,Jarfalla,SWE,2022.0,4.0,25.0,Dennis Hildeby,TOR,G,841667.0
1,22,19,Vitek Vanecek,0,59,2.93471,Vanecek,13,3,0,8477970,1,0.88339,447,20252026,L,506,1,UTA,72375,5,20252026,0.947368,18,46,2.28808,1,7,0.368421,16,5,25.168912,2026,vitek vanecek,74,184,Havlickuv Brod,CZE,2014.0,2.0,9.0,,,,
0,16,13,Calvin Pickard,0,53,3.67998,Pickard,6,2,0,8475717,0,0.87073,357,20252026,L,410,0,EDM,51848,5,20252026,1.0,13,47,3.26338,0,3,0.230769,8,5,28.467829,2026,calvin pickard,73,206,Moncton,CAN,2010.0,2.0,19.0,,,,
0,9,8,Pyotr Kochetkov,0,19,2.32581,Kochetkov,2,0,0,8481611,0,0.89947,170,20252026,L,189,1,CAR,29409,6,20252026,1.0,8,28,3.42752,0,3,0.375,2,5,23.135776,2026,pyotr kochetkov,75,196,Penza,RUS,2019.0,2.0,5.0,Pyotr Kochetkov,CAR,G,2000000.0
0,21,18,Nikita Tolopilo,0,69,3.61356,Tolopilo,11,2,2,8484268,0,0.88144,513,20252026,L,582,0,VAN,68741,6,20252026,0.888888,16,47,2.46141,2,5,0.277777,12,5,30.479626,2026,nikita tolopilo,78,229,Minsk,BLR,,,,Nikita Tolopilo,VAN,G,775000.0
1,25,24,Jonathan Quick,0,73,3.08885,Quick,17,2,14,8471734,1,0.8912,598,20252026,L,671,2,NYR,85080,6,20252026,0.916666,22,53,2.24259,2,10,0.416666,19,6,28.392101,2026,jonathan quick,73,219,Milford,USA,2005.0,3.0,11.0,,,,
0,14,13,James Reimer,0,33,2.42117,Reimer,4,2,0,8473503,0,0.88581,256,20252026,L,289,1,OTT,49067,7,20252026,1.0,13,39,2.86139,0,4,0.307692,6,7,21.20366,2026,james reimer,74,200,Morweena,CAN,2006.0,4.0,6.0,,,,
0,26,24,Arvid Soderblom,0,93,3.79949,Soderblom,13,3,4,8482821,0,0.87984,681,20252026,L,774,1,CHI,88117,8,20252026,1.0,24,69,2.81897,0,9,0.375,15,7,31.621594,2026,arvid soderblom,75,180,Göteborg,SWE,,,,Arvid Söderblom,CHI,G,2750000.0
1,16,14,Colten Ellis,0,44,2.89685,Ellis,4,2,0,8481551,1,0.90329,411,20252026,L,455,1,BUF,54680,8,20252026,0.928571,13,54,3.55523,1,7,0.5,5,7,29.95611,2026,colten ellis,73,191,Whycocomagh,CAN,2019.0,3.0,31.0,Colten Ellis,BUF,G,775000.0
0,20,19,Leevi Meriläinen,0,64,3.5085,Meriläinen,10,1,0,8482447,0,0.85995,393,20252026,L,457,0,OTT,65669,8,20252026,0.894736,17,64,3.5085,2,5,0.263157,11,8,25.052918,2026,leevi merilainen,74,196,Oulu,FIN,2020.0,3.0,9.0,,,,
1,20,20,Thatcher Demko,0,54,2.90357,Demko,10,1,0,8477967,1,0.89688,461,20252026,L,514,1,VAN,66952,8,20252026,0.9,18,53,2.8498,2,9,0.45,10,8,27.637711,2026,thatcher demko,76,192,San Diego,USA,2014.0,2.0,6.0,Thatcher Demko,VAN,G,8500000.0
1,21,20,Charlie Lindgren,0,73,3.51515,Lindgren,8,3,8,8479292,1,0.87873,529,20252026,R,602,1,WSH,74762,9,20252026,1.0,20,65,3.12993,0,5,0.25,10,8,28.987988,2026,charlie lindgren,74,190,Lakeville,USA,,,,Charlie Lindgren,WAS,G,3000000.0
0,17,17,Jacob Fowler,0,41,2.43395,Fowler,6,2,0,8484170,0,0.90848,407,20252026,L,448,1,MTL,60642,9,20252026,1.0,17,53,3.14633,0,8,0.470588,7,9,26.595428,2026,jacob fowler,73,223,Melbourne,USA,2023.0,3.0,5.0,Jacob Fowler,MTL,G,923333.0
1,31,26,Devin Cooley,0,77,2.68917,Cooley,10,6,2,8482445,1,0.90909,770,20252026,L,847,0,CGY,103080,10,20252026,0.923076,24,65,2.27008,2,19,0.730769,14,8,29.580908,2026,devin cooley,77,192,Los Gatos,USA,,,,Devin Cooley,CGY,G,1350000.0
0,25,23,Samuel Montembeault,0,81,3.42687,Montembeault,8,4,0,8478470,0,0.87244,554,20252026,L,635,0,MTL,85092,10,20252026,0.956521,22,79,3.34226,1,8,0.347826,10,10,26.86504,2026,samuel montembeault,75,218,Becancour,CAN,2015.0,3.0,16.0,Samuel Montembeault,MTL,G,3150000.0
0,26,25,Anthony Stolarz,0,76,3.28234,Stolarz,10,3,2,8476932,0,0.89265,632,20252026,L,708,0,TOR,83355,10,20252026,0.88,22,72,3.10959,3,9,0.36,11,10,30.57765,2026,anthony stolarz,78,248,Edison,USA,2012.0,2.0,15.0,Anthony Stolarz,TOR,G,3750000.0
0,28,23,Justus Annunen,0,67,2.67904,Annunen,12,2,2,8481020,0,0.90717,645,20252026,L,711,1,NSH,90032,10,20252026,1.0,23,74,2.95894,0,14,0.608695,14,10,28.429892,2026,justus annunen,76,210,Kempele,FIN,2018.0,3.0,2.0,Justus Annunen,NSH,G,1250000.0
1,27,27,Adin Hill,0,76,3.04443,Hill,9,6,2,8478499,1,0.87052,511,20252026,L,587,1,VGK,89869,10,20252026,0.888888,24,76,3.04443,3,9,0.333333,11,10,23.514226,2026,adin hill,76,222,Comox,CAN,2015.0,3.0,15.0,Adin Hill,VGK,G,6250000.0
0,20,19,Ville Husso,0,62,3.24711,Husso,8,2,2,8478024,0,0.88389,472,20252026,L,534,0,ANA,68738,10,20252026,0.947368,18,57,2.98524,1,8,0.421052,10,7,27.967064,2026,ville husso,75,205,Helsinki,FIN,2014.0,4.0,4.0,Ville Husso,ANA,G,2200000.0
2,47,43,Kevin Lankinen,0,160,3.7032,Lankinen,27,5,4,8480947,2,0.87548,1125,20252026,L,1285,0,VAN,155541,11,20252026,0.930232,40,98,2.26821,3,17,0.395348,32,6,29.741354,2026,kevin lankinen,74,190,Helsinki,FIN,,,,Kevin Lankinen,VAN,G,4500000.0
0,25,23,Jonas Johansson,0,78,3.28763,Johansson,10,2,0,8477992,0,0.88358,592,20252026,L,670,0,TBL,85411,11,20252026,0.956521,22,84,3.54052,1,11,0.47826,11,10,28.239923,2026,jonas johansson,77,220,Gavle,SWE,2014.0,3.0,1.0,Jonas Johansson,TBL,G,1250000.0
0,18,18,Carter Hart,0,46,2.70645,Hart,3,3,2,8479394,0,0.89099,376,20252026,L,422,0,VGK,61187,11,20252026,0.888888,16,59,3.47132,2,9,0.5,3,10,24.828804,2026,carter hart,74,196,Sherwood Park,CAN,2016.0,2.0,18.0,Carter Hart,VGK,G,2000000.0
1,34,25,Cam Talbot,0,93,3.18823,Talbot,9,6,0,8475660,1,0.88331,704,20252026,L,797,0,DET,105011,12,20252026,1.0,25,82,2.81113,0,9,0.36,13,10,27.322852,2026,cam talbot,75,202,Caledonia,CAN,,,,,,,
0,25,24,Eric Comrie,0,72,3.12703,Comrie,11,1,0,8477480,0,0.8899,582,20252026,L,654,0,WPG,82890,12,20252026,0.916666,22,70,3.04017,2,13,0.541666,11,11,28.403908,2026,eric comrie,73,190,Edmonton,CAN,2013.0,2.0,29.0,,,,
0,33,31,Daniil Tarasov,0,97,3.05404,Tarasov,15,3,0,8480193,0,0.89513,828,20252026,L,925,0,FLA,114340,13,20252026,0.967741,30,95,2.99107,1,15,0.48387,16,12,29.123666,2026,daniil tarasov,77,203,Novokuznetsk,RUS,2017.0,3.0,24.0,,,,
2,32,28,Philipp Grubauer,0,79,2.64641,Grubauer,12,4,0,8475831,2,0.90877,787,20252026,L,866,0,SEA,107466,13,20252026,0.964285,27,85,2.84741,1,15,0.535714,14,13,29.010106,2026,philipp grubauer,73,188,Rosenheim,DEU,2010.0,4.0,22.0,,,,
2,41,39,Jordan Binnington,0,128,3.32784,Binnington,20,7,4,8476412,2,0.87326,882,20252026,L,1010,1,STL,138468,13,20252026,0.923076,36,99,2.57387,3,15,0.384615,25,13,26.258774,2026,jordan binnington,74,172,Richmond Hill,CAN,2011.0,3.0,27.0,Jordan Binnington,STL,G,6000000.0
0,31,28,Joonas Korpisalo,0,90,3.15221,Korpisalo,9,6,2,8476914,0,0.89424,761,20252026,L,851,1,BOS,102785,14,20252026,0.928571,26,100,3.50245,2,12,0.428571,14,14,29.805906,2026,joonas korpisalo,76,200,Pori,FIN,2012.0,3.0,1.0,Joonas Korpisalo,BOS,G,4000000.0
1,33,29,Samuel Ersson,0,97,3.11799,Ersson,11,5,2,8481035,1,0.86962,647,20252026,L,744,0,PHI,111995,14,20252026,0.931034,27,87,2.79655,2,11,0.37931,14,9,23.915353,2026,samuel ersson,75,194,Falun,SWE,2018.0,5.0,19.0,,,,
2,30,29,Elvis Merzlikins,0,95,3.39565,Merzlikins,11,3,0,8478007,2,0.883,717,20252026,L,812,1,CBJ,100717,14,20252026,0.931034,27,95,3.39565,2,12,0.413793,14,11,29.023899,2026,elvis merzlikins,75,190,Riga,LVA,2014.0,3.0,16.0,Elvis Merzlikins,CBJ,G,5400000.0
0,30,28,David Rittich,0,76,2.76137,Rittich,10,3,0,8479496,0,0.89444,644,20252026,L,720,2,NYI,99081,14,20252026,0.928571,26,64,2.32537,2,14,0.5,10,12,26.160414,2026,david rittich,75,200,Jihlava,CZE,,,,,,,
0,30,28,Casey DeSmith,0,71,2.42735,DeSmith,8,6,2,8479193,0,0.90657,689,20252026,L,760,1,DAL,105300,15,20252026,1.0,28,94,3.21367,0,17,0.607142,12,14,25.982905,2026,casey desmith,72,188,Rochester,USA,,,,Casey DeSmith,DAL,G,1000000.0
1,39,38,Joseph Woll,0,124,3.33622,Woll,16,7,2,8479361,1,0.89918,1097,20252026,L,1220,2,TOR,133804,15,20252026,0.868421,33,109,2.93264,5,22,0.578947,22,14,32.824131,2026,joseph woll,75,212,Dardenne Prairie,USA,2016.0,3.0,1.0,Joseph Woll,TOR,G,3666667.0
2,32,30,Connor Ingram,0,77,2.59808,Ingram,10,3,2,8478971,2,0.89908,686,20252026,L,763,2,EDM,106694,16,20252026,0.9,27,96,3.23916,3,15,0.5,11,16,25.744653,2026,connor ingram,73,218,Saskatoon,CAN,2016.0,3.0,27.0,,,,
0,36,31,Anton Forsberg,0,87,2.56877,Forsberg,12,5,4,8476341,0,0.90966,866,20252026,L,952,3,LAK,121926,16,20252026,1.0,31,81,2.39161,0,17,0.548387,16,13,28.108853,2026,anton forsberg,75,200,Härnösand,SWE,2011.0,7.0,7.0,,,,
1,34,29,Akira Schmid,0,85,2.59438,Schmid,10,6,0,8481033,1,0.89254,706,20252026,L,791,2,VGK,117947,16,20252026,1.0,29,97,2.96065,0,7,0.241379,15,16,24.143047,2026,akira schmid,77,190,Bern,CHE,2018.0,5.0,12.0,,,,
1,35,35,Frederik Andersen,0,107,3.05442,Andersen,14,5,4,8475883,1,0.87396,742,20252026,L,849,0,CAR,126112,16,20252026,0.971428,34,111,3.16861,1,9,0.257142,17,14,24.2356,2026,frederik andersen,76,229,Herning,DNK,2012.0,3.0,26.0,,,,
1,37,36,Jake Allen,0,100,2.74402,Allen,17,2,0,8474596,1,0.90397,932,20252026,L,1031,1,NJD,131194,17,20252026,0.972222,35,97,2.6617,1,19,0.527777,18,14,28.290928,2026,jake allen,74,197,Fredericton,CAN,2008.0,2.0,4.0,Jake Allen,NJD,G,1800000.0
1,40,34,Alex Nedeljkovic,0,109,2.87098,Nedeljkovic,14,4,9,8477968,1,0.89609,940,20252026,L,1049,0,SJS,136678,18,20252026,1.0,34,107,2.8183,0,20,0.588235,17,18,27.629903,2026,alex nedeljkovic,72,205,Parma,USA,2014.0,2.0,7.0,Alex Nedeljkovic,SJS,G,3000000.0
1,35,33,Jesper Wallstedt,0,87,2.61437,Wallstedt,9,6,2,8482661,1,0.91568,934,20252026,L,1020,4,MIN,119799,18,20252026,0.969696,32,91,2.73458,1,23,0.696969,11,14,30.65134,2026,jesper wallstedt,75,214,Vasteras,SWE,2021.0,1.0,20.0,Jesper Wallstedt,MIN,G,2200000.0
1,33,29,Tristan Jarry,0,98,3.31525,Jarry,9,3,0,8477465,1,0.88221,734,20252026,L,832,2,"PIT,EDM",106417,18,20252026,0.896551,26,113,3.82269,3,12,0.413793,11,18,28.145879,2026,tristan jarry,76,201,Surrey,CAN,2013.0,2.0,14.0,Tristan Jarry,EDM,G,5375000.0
1,50,50,Darcy Kuemper,0,134,2.78402,Kuemper,14,15,6,8475311,1,0.89141,1100,20252026,L,1234,3,LAK,173274,19,20252026,0.9,45,130,2.70092,5,25,0.5,21,17,25.638007,2026,darcy kuemper,77,215,Saskatoon,CAN,2009.0,6.0,11.0,Darcy Kuemper,LAK,G,5250000.0
1,55,55,Spencer Knight,0,155,2.82395,Knight,25,11,0,8481519,1,0.90208,1428,20252026,L,1583,3,CHI,197595,19,20252026,0.963636,53,133,2.42313,2,25,0.454545,32,17,28.84081,2026,spencer knight,75,191,Darien,USA,2019.0,1.0,13.0,Spencer Knight,CHI,G,5833333.0
3,39,38,Arturs Silovs,0,115,3.07137,Silovs,12,8,4,8481668,3,0.88823,906,20252026,L,1020,2,PIT,134793,19,20252026,0.947368,36,131,3.49869,2,17,0.447368,14,17,27.24177,2026,arturs silovs,76,208,Riga,LVA,2019.0,6.0,1.0,,,,
1,36,34,Alex Lyon,0,92,2.77106,Lyon,10,4,4,8479312,1,0.90704,888,20252026,L,979,3,BUF,119521,20,20252026,0.941176,32,104,3.1325,2,19,0.558823,14,18,29.487705,2026,alex lyon,73,199,Baudette,USA,,,,Alex Lyon,BUF,G,1500000.0
3,47,46,Joey Daccord,0,136,3.02983,Daccord,20,6,4,8478916,3,0.89747,1173,20252026,L,1307,2,SEA,161593,20,20252026,0.913043,42,123,2.74021,4,23,0.5,23,18,29.117598,2026,joey daccord,74,201,Boston,USA,2015.0,7.0,18.0,Joey Daccord,SEA,G,5000000.0
0,47,47,Yaroslav Askarov,0,157,3.62798,Askarov,20,4,2,8482137,0,0.88366,1185,20252026,R,1341,0,SJS,155789,21,20252026,0.87234,41,132,3.05027,6,19,0.404255,23,19,30.988067,2026,yaroslav askarov,75,180,Omsk,RUS,2020.0,1.0,11.0,Yaroslav Askarov,SJS,G,2000000.0
1,35,34,Ukko-Pekka Luukkonen,0,85,2.51508,Luukkonen,9,3,4,8480045,1,0.90967,846,20252026,L,930,1,BUF,121666,22,20252026,0.941176,32,121,3.58029,2,21,0.617647,12,20,27.517959,2026,ukkopekka luukkonen,77,223,Espoo,FIN,2017.0,2.0,23.0,Ukko-Pekka Luukkonen,BUF,G,4750000.0
1,50,50,Stuart Skinner,0,142,2.91586,Skinner,17,9,0,8479973,1,0.88792,1125,20252026,L,1267,2,"EDM,PIT",175317,23,20252026,0.94,47,156,3.20334,3,23,0.46,21,22,26.016872,2026,stuart skinner,76,215,Edmonton,CAN,2017.0,3.0,16.0,,,,
4,44,43,Jacob Markstrom,0,130,3.06601,Markstrom,19,1,13,8474593,4,0.88319,983,20252026,L,1113,1,NJD,152641,23,20252026,0.976744,42,111,2.6179,1,15,0.348837,20,22,26.249828,2026,jacob markstrom,78,207,Gavle,SWE,2008.0,2.0,1.0,Jacob Markstrom,NJD,G,6000000.0
0,57,55,Dustin Wolf,0,158,3.01025,Wolf,29,3,4,8481692,0,0.89922,1401,20252026,L,1558,2,CGY,188954,23,20252026,0.90909,50,138,2.62921,5,27,0.490909,31,21,29.683415,2026,dustin wolf,72,166,Gilroy,USA,2019.0,7.0,28.0,Dustin Wolf,CGY,G,7500000.0
0,39,36,Mackenzie Blackwood,0,90,2.505,Blackwood,10,2,0,8478406,0,0.90353,843,20252026,L,933,3,COL,129341,23,20252026,0.944444,34,126,3.507,2,22,0.611111,12,23,25.968564,2026,mackenzie blackwood,76,225,Thunder Bay,CAN,2015.0,2.0,12.0,MacKenzie Blackwood,COL,G,5250000.0
0,57,57,Connor Hellebuyck,0,162,2.8576,Hellebuyck,23,11,4,8476945,0,0.89528,1385,20252026,L,1547,0,WPG,204087,23,20252026,0.982456,56,150,2.64593,1,28,0.491228,31,22,27.288362,2026,connor hellebuyck,76,207,Commerce,USA,2012.0,5.0,9.0,Connor Hellebuyck,WPG,G,8500000.0
0,46,43,Joel Hofer,0,114,2.60606,Hofer,13,5,4,8480981,0,0.9096,1137,20252026,L,1250,6,STL,157479,24,20252026,0.953488,41,125,2.85752,2,26,0.604651,16,23,28.575239,2026,joel hofer,77,193,Winnipeg,CAN,2018.0,4.0,14.0,Joel Hofer,STL,G,3400000.0
0,51,51,Igor Shesterkin,0,126,2.49982,Shesterkin,19,6,11,8478048,0,0.91157,1299,20252026,L,1425,1,NYR,181453,25,20252026,0.980392,50,147,2.91645,1,32,0.62745,25,22,28.271783,2026,igor shesterkin,73,199,Moscow,RUS,2014.0,4.0,28.0,Igor Shesterkin,NYR,G,11500000.0
1,55,53,Jet Greaves,0,142,2.60065,Greaves,19,9,0,8482982,1,0.90773,1397,20252026,L,1539,2,CBJ,196566,26,20252026,0.981132,52,148,2.71053,1,34,0.641509,26,22,28.185953,2026,jet greaves,72,188,Cambridge,CAN,,,,,,,
2,52,51,Sergei Bobrovsky,0,154,3.07012,Bobrovsky,23,1,9,8475683,2,0.8768,1096,20252026,L,1250,4,FLA,180579,27,20252026,0.960784,49,142,2.83089,2,20,0.392156,24,23,24.919841,2026,sergei bobrovsky,74,180,Novokuznetsk,RUS,,,,,,,
2,50,49,Filip Gustavsson,0,133,2.68875,Gustavsson,15,6,0,8479406,2,0.90413,1245,20252026,L,1377,4,MIN,178075,28,20252026,0.959183,47,172,3.47718,2,25,0.510204,20,28,27.837709,2026,filip gustavsson,74,184,Skelleftea,SWE,2016.0,2.0,25.0,Filip Gustavsson,MIN,G,6800000.0
0,59,59,Juuse Saros,0,181,3.16382,Saros,22,8,2,8477424,0,0.89352,1519,20252026,L,1700,0,NSH,205953,28,20252026,0.915254,54,162,2.83171,5,22,0.372881,28,23,29.715517,2026,juuse saros,71,180,Forssa,FIN,2013.0,4.0,8.0,Juuse Saros,NSH,G,7740000.0
1,49,49,Linus Ullmark,0,131,2.72588,Ullmark,12,8,2,8476999,1,0.89065,1067,20252026,L,1198,3,OTT,173008,28,20252026,0.959183,47,155,3.22528,2,23,0.469387,19,25,24.928327,2026,linus ullmark,76,223,Lugnvik,SWE,2012.0,6.0,12.0,Linus Ullmark,OTT,G,8250000.0
1,55,54,Ilya Sorokin,0,144,2.6781,Sorokin,24,2,4,8478009,1,0.90588,1386,20252026,L,1530,7,NYI,193570,29,20252026,0.962962,52,149,2.77109,2,24,0.444444,24,27,28.454822,2026,ilya sorokin,75,189,Mezhdurechensk,RUS,2014.0,3.0,18.0,Ilya Sorokin,NYI,G,8250000.0
0,52,51,Dan Vladar,0,121,2.42386,Vladar,14,7,4,8478435,0,0.90568,1162,20252026,L,1283,0,PHI,179713,29,20252026,0.921568,47,142,2.84453,4,35,0.686274,19,24,25.700979,2026,dan vladar,77,209,Prague,CZE,2015.0,3.0,14.0,,,,
0,43,42,Jakub Dobes,0,117,2.77955,Dobes,10,4,2,8482487,0,0.90143,1070,20252026,L,1187,0,MTL,151535,29,20252026,0.95238,40,138,3.27845,2,25,0.595238,12,25,28.199426,2026,jakub dobes,76,215,Ostrava,CZE,2020.0,5.0,12.0,Jakub Dobes,MTL,G,965000.0
1,57,57,John Gibson,0,144,2.71592,Gibson,22,4,4,8476434,1,0.90143,1317,20252026,L,1461,4,DET,190874,29,20252026,0.842105,48,151,2.84795,9,27,0.473684,24,29,27.55535,2026,john gibson,75,209,Pittsburgh,USA,2011.0,2.0,9.0,John Gibson,DET,G,6400000.0
1,56,55,Lukas Dostal,0,169,3.10287,Dostal,20,4,8,8480843,1,0.8883,1344,20252026,L,1513,0,ANA,196076,30,20252026,0.963636,53,163,2.99271,2,24,0.436363,24,25,27.779024,2026,lukas dostal,74,190,Brno,CZE,2018.0,3.0,23.0,Lukas Dostal,ANA,G,6500000.0
0,55,54,Jeremy Swayman,0,146,2.70764,Swayman,18,4,11,8480280,0,0.9077,1426,20252026,L,1571,2,BOS,194117,31,20252026,0.944444,51,163,3.02291,3,38,0.703703,20,27,29.135006,2026,jeremy swayman,75,195,Anchorage,USA,2017.0,4.0,18.0,Jeremy Swayman,BOS,G,8250000.0
1,45,43,Scott Wedgewood,0,86,2.02427,Wedgewood,6,6,2,8475809,1,0.92131,1007,20252026,L,1093,4,COL,152944,31,20252026,0.906976,39,152,3.57778,4,32,0.744186,7,27,25.727063,2026,scott wedgewood,74,201,Brampton,CAN,2010.0,3.0,24.0,Scott Wedgewood,COL,G,2500000.0
1,58,58,Logan Thompson,0,140,2.43828,Thompson,21,6,0,8480313,1,0.91178,1447,20252026,R,1587,4,WSH,206703,31,20252026,0.982758,57,179,3.11751,1,35,0.603448,22,30,27.639656,2026,logan thompson,76,207,Calgary,CAN,,,,Logan Thompson,WAS,G,5850000.0
1,39,39,Brandon Bussi,0,97,2.46524,Bussi,6,2,2,8483548,1,0.89473,816,20252026,R,912,2,CAR,141649,31,20252026,1.0,39,143,3.63433,0,19,0.487179,6,29,23.17842,2026,brandon bussi,76,218,Sound Beach,USA,,,,Brandon Bussi,CAR,G,1900000.0
1,54,54,Jake Oettinger,0,138,2.59221,Oettinger,12,6,0,8479979,1,0.89941,1234,20252026,L,1372,4,DAL,191651,35,20252026,0.962962,52,169,3.17452,2,27,0.5,16,30,25.771846,2026,jake oettinger,78,225,Lakeville,USA,2017.0,1.0,26.0,Jake Oettinger,DAL,G,8250000.0
2,64,63,Karel Vejmelka,0,169,2.74592,Vejmelka,20,3,2,8478872,2,0.89667,1458,20252026,R,1626,2,UTA,221565,38,20252026,0.95238,60,221,3.59081,3,33,0.523809,23,38,26.419335,2026,karel vejmelka,76,221,Trebic,CZE,2015.0,5.0,24.0,Karel Vejmelka,UTA,G,4750000.0
2,58,58,Andrei Vasilevskiy,0,132,2.30853,Vasilevskiy,15,4,11,8476883,2,0.91233,1353,20252026,L,1483,2,TBL,205845,39,20252026,0.965517,56,194,3.39284,2,35,0.603448,18,36,25.93602,2026,andrei vasilevskiy,76,223,Tyumen,RUS,2012.0,1.0,19.0,Andrei Vasilevskiy,TBL,G,9500000.0
